tag,title
2000,該当なし
2001,スポーツがテーマで、実話を基にした心に響く映画
2002,該当なし
2003,該当なし
2004,アレック・ボールドウィン出演映画
2005,該当なし
2006,該当なし
2007,該当なし
2008,該当なし
2009,該当なし
2010,Filipino Horror Movies
2011,該当なし
2012,Dark Westerns
2013,該当なし
2014,該当なし
2015,該当なし
2016,該当なし
2017,該当なし
2018,該当なし
2019,該当なし
2020,該当なし
2021,Goofy Coming-of-age Movies
2022,該当なし
2023,官能的なミステリー
2024,該当なし
2025,ジュリアン・ムーア出演のヒューマンドラマ
2026,Feel-good Movies from the 1960s
2027,Feel-good Independent Comedies
2028,該当なし
2029,該当なし
2030,オーストラリア/コメディ
2031,該当なし
2032,該当なし
2033,該当なし
2034,本に基づく心に響く映画
2035,該当なし
2036,該当なし
2037,該当なし
2038,該当なし
2039,該当なし
2040,バイオレントなアクションSF・ファンタジー
2041,ジュード・ロウ出演映画
2042,該当なし
2043,該当なし
2044,該当なし
2045,該当なし
2046,該当なし
2047,該当なし
2048,恐怖をさそう心理映画
2049,該当なし
2050,イギリス/高い評価を得た、ロマンチックなヒューマンドラマ
2051,Dark French-Language Thrillers
2052,Feel-good Movies from the 1970s
2053,該当なし
2054,該当なし
2055,該当なし
2056,該当なし
2057,該当なし
2058,フランス語のコメディ
2059,該当なし
2060,該当なし
2061,該当なし
2062,該当なし
2063,該当なし
2064,該当なし
2065,該当なし
2066,該当なし
2067,該当なし
2068,該当なし
2069,該当なし
2070,Critically-acclaimed Mockumentaries
2071,該当なし
2072,該当なし
2073,該当なし
2074,該当なし
2075,該当なし
2076,該当なし
2077,ウィットに富んだインディーズ映画
2078,該当なし
2079,前向きな気持ちになる1980年代の映画
2080,該当なし
2081,該当なし
2082,Critically-acclaimed Gritty Movies from the 1970s
2083,ラッセル・クロウ出演のヒューマンドラマ
2084,該当なし
2085,該当なし
2086,該当なし
2087,該当なし
2088,該当なし
2089,該当なし
2090,該当なし
2091,該当なし
2092,Imaginative Sci-Fi & Fantasy based on Books
2093,Slapstick Comedies for ages 11 to 12
2094,該当なし
2095,該当なし
2096,該当なし
2097,該当なし
2098,該当なし
2099,該当なし
2100,ケイト・ベッキンセイル出演映画
2101,該当なし
2102,該当なし
2103,French-Language Coming-of-age Movies
2104,映像に凝った、スリリングな映画
2105,該当なし
2106,該当なし
2107,該当なし
2108,該当なし
2109,気骨のあるスポーツ映画
2110,該当なし
2111,該当なし
2112,該当なし
2113,該当なし
2114,該当なし
2115,該当なし
2116,本が原作のSFアクション・ファンタジー
2117,該当なし
2118,該当なし
2119,Raunchy Crime Action & Adventure
2120,該当なし
2121,該当なし
2122,Mind-bending Independent Comedies
2123,該当なし
2124,Gritty Independent Crime Movies
2125,軍隊・戦争を描いたアクション・アドベンチャー
2126,該当なし
2127,該当なし
2128,該当なし
2129,該当なし
2130,該当なし
2131,該当なし
2132,該当なし
2133,該当なし
2134,該当なし
2135,該当なし
2136,該当なし
2137,Baseball Non-fiction
2138,該当なし
2139,該当なし
2140,該当なし
2141,該当なし
2142,該当なし
2143,該当なし
2144,実話を基に、軍隊を描いたヒューマンドラマ
2145,ポップ・音楽の世界
2146,該当なし
2147,Comedies starring Peter Sellers
2148,ダイアン・キートン出演映画
2149,該当なし
2150,該当なし
2151,該当なし
2152,該当なし
2153,該当なし
2154,該当なし
2155,11~12才対象の楽しくなるヒューマンドラマ
2156,該当なし
2157,該当なし
2158,官能的な伝記映画
2159,該当なし
2160,該当なし
2161,ちょっと大げさなアクション・アドベンチャー
2162,該当なし
2163,該当なし
2164,該当なし
2165,該当なし
2166,該当なし
2167,該当なし
2168,該当なし
2169,該当なし
2170,サルマン・カーン出演映画
2171,該当なし
2172,該当なし
2173,該当なし
2174,該当なし
2175,Critically-acclaimed Feel-good Independent Movies
2176,該当なし
2177,11~12才対象のおもしろおかしいコメディ
2178,該当なし
2179,該当なし
2180,ブラッド・ピット出演のサスペンス映画
2181,該当なし
2182,該当なし
2183,センチメンタルなヒューマンドラマ
2184,該当なし
2185,Raunchy Political Movies
2186,該当なし
2187,該当なし
2188,該当なし
2189,Critically-acclaimed Mind-bending Sci-Fi & Fantasy
2190,該当なし
2191,該当なし
2192,心に響く軍隊ドラマ
2193,ドルフ・ラングレン出演映画
2194,該当なし
2195,本に基づくダークな映画
2196,該当なし
2197,該当なし
2198,該当なし
2199,該当なし
2200,該当なし
2201,該当なし
2202,本に基づく軍隊ドラマ
2203,バイオレント映画
2204,該当なし
2205,該当なし
2206,該当なし
2207,該当なし
2208,該当なし
2209,該当なし
2210,該当なし
2211,ファンタジーラブロマンス
2212,該当なし
2213,カルト的な人気のアクション・アドベンチャー
2214,該当なし
2215,該当なし
2216,該当なし
2217,該当なし
2218,Critically-acclaimed British War Movies
2219,該当なし
2220,該当なし
2221,該当なし
2222,Inspirational Music
2223,官能的なインディーズ映画
2224,Critically-acclaimed Witty Cult Comedies
2225,Dark Historical Documentaries
2226,該当なし
2227,該当なし
2228,該当なし
2229,該当なし
2230,該当なし
2231,華流/ホラー映画
2232,現実の枠を超えた犯罪映画
2233,該当なし
2234,Movies starring Om Puri
2235,該当なし
2236,該当なし
2237,該当なし
2238,該当なし
2239,該当なし
2240,該当なし
2241,該当なし
2242,該当なし
2243,該当なし
2244,Critically-acclaimed Political Comedies
2245,該当なし
2246,Exciting British Movies
2247,Action Sci-Fi & Fantasy for ages 8 to 10
2248,該当なし
2249,該当なし
2250,該当なし
2251,該当なし
2252,該当なし
2253,児童書に基づく想像がふくらむ映画
2254,インディーズ系SFアクション・ファンタジー
2255,該当なし
2256,該当なし
2257,該当なし
2258,センチメンタルなスポーツ映画
2259,該当なし
2260,該当なし
2261,映像に凝った、インディーズ系ヒューマンドラマ
2262,該当なし
2263,恐怖をさそうSFホラー映画
2264,該当なし
2265,Goofy Crime Comedies from the 1980s
2266,該当なし
2267,該当なし
2268,該当なし
2269,該当なし
2270,該当なし
2271,該当なし
2272,該当なし
2273,該当なし
2274,Understated British Movies based on Books
2275,該当なし
2276,該当なし
2277,該当なし
2278,該当なし
2279,該当なし
2280,該当なし
2281,該当なし
2282,該当なし
2283,該当なし
2284,ケヴィン・スペイシー出演映画
2285,該当なし
2286,政治をテーマにした映画
2287,該当なし
2288,該当なし
2289,該当なし
2290,該当なし
2291,該当なし
2292,華流サスペンス
2293,該当なし
2294,該当なし
2295,知性に訴えるヒューマンドラマ
2296,該当なし
2297,該当なし
2298,該当なし
2299,該当なし
2300,該当なし
2301,該当なし
2302,ロマンチックな成長ドラマ
2303,Movies starring Halle Berry
2304,該当なし
2305,該当なし
2306,バイオレントな武術映画
2307,Comedies directed by Harold Ramis
2308,該当なし
2309,Movies starring Sharon Stone
2310,該当なし
2311,該当なし
2312,イギリス/社会問題に迫るドラマ
2313,該当なし
2314,該当なし
2315,本に基づくスリリングな政治映画
2316,該当なし
2317,Steamy German-Language Movies
2318,該当なし
2319,該当なし
2320,該当なし
2321,Action & Adventure starring Chuck Norris
2322,高い評価を得たLGBTQ映画
2323,該当なし
2324,該当なし
2325,該当なし
2326,該当なし
2327,該当なし
2328,該当なし
2329,該当なし
2330,該当なし
2331,マイケル・ダグラス出演映画
2332,該当なし
2333,官能的な伝記ヒューマンドラマ
2334,該当なし
2335,該当なし
2336,該当なし
2337,該当なし
2338,該当なし
2339,該当なし
2340,ティーン向け映画
2341,該当なし
2342,該当なし
2343,該当なし
2344,該当なし
2345,該当なし
2346,該当なし
2347,該当なし
2348,該当なし
2349,該当なし
2350,アイヴァン・ライトマン監督のコメディ
2351,コミカルな映画
2352,該当なし
2353,該当なし
2354,該当なし
2355,該当なし
2356,ニコラス・ケイジ出演のヒューマンドラマ
2357,該当なし
2358,該当なし
2359,該当なし
2360,該当なし
2361,該当なし
2362,該当なし
2363,リース・ウィザースプーン出演映画
2364,該当なし
2365,該当なし
2366,該当なし
2367,該当なし
2368,該当なし
2369,該当なし
2370,該当なし
2371,該当なし
2372,該当なし
2373,Movies directed by John Carpenter
2374,該当なし
2375,該当なし
2376,該当なし
2377,該当なし
2378,該当なし
2379,該当なし
2380,該当なし
2381,ワクワクドキドキなキッズ・ファミリー映画
2382,該当なし
2383,官能的なアクション・アドベンチャー
2384,想像がふくらむファンタジー映画
2385,該当なし
2386,British Coming-of-age Movies
2387,該当なし
2388,イギリス/高い評価を得た犯罪映画
2389,該当なし
2390,該当なし
2391,該当なし
2392,該当なし
2393,該当なし
2394,該当なし
2395,該当なし
2396,高い評価を得た、エキサイティングなSF・ファンタジー
2397,該当なし
2398,該当なし
2399,該当なし
2400,該当なし
2401,該当なし
2402,該当なし
2403,該当なし
2404,該当なし
2405,該当なし
2406,該当なし
2407,該当なし
2408,該当なし
2409,該当なし
2410,該当なし
2411,高い評価を得た文化・社会ドキュメンタリー
2412,該当なし
2413,該当なし
2414,Dark British Political Movies
2415,ハートウォーミングなインディーズ映画
2416,該当なし
2417,該当なし
2418,該当なし
2419,該当なし
2420,該当なし
2421,該当なし
2422,該当なし
2423,コリン・ファレル出演映画
2424,該当なし
2425,該当なし
2426,該当なし
2427,該当なし
2428,Understated Social & Cultural Documentaries
2429,該当なし
2430,該当なし
2431,該当なし
2432,Movies directed by Garry Marshall
2433,該当なし
2434,イギリス/頭を使う映画
2435,該当なし
2436,ダークなヒューマンドラマ
2437,ドルフ・ラングレン出演のアクション & アドベンチャー
2438,該当なし
2439,該当なし
2440,該当なし
2441,該当なし
2442,該当なし
2443,該当なし
2444,該当なし
2445,該当なし
2446,該当なし
2447,該当なし
2448,該当なし
2449,Action & Adventure starring Yun-Fat Chow
2450,該当なし
2451,該当なし
2452,該当なし
2453,該当なし
2454,該当なし
2455,該当なし
2456,該当なし
2457,該当なし
2458,該当なし
2459,該当なし
2460,Critically-acclaimed Romantic Movies from the 1980s
2461,該当なし
2462,該当なし
2463,該当なし
2464,映像に凝ったSFサスペンス
2465,Filipino LGBTQ Movies
2466,該当なし
2467,該当なし
2468,該当なし
2469,該当なし
2470,該当なし
2471,ジュリア・ロバーツ出演映画
2472,該当なし
2473,British Children & Family Movies
2474,該当なし
2475,該当なし
2476,該当なし
2477,スパイ映画
2478,Biographical Children & Family Movies
2479,Movies starring Renée Zellweger
2480,衝撃的なビジュアルの想像がふくらむキッズ・ファミリー映画
2481,該当なし
2482,該当なし
2483,該当なし
2484,該当なし
2485,該当なし
2486,該当なし
2487,伝記に基づく武術映画
2488,該当なし
2489,該当なし
2490,該当なし
2491,該当なし
2492,該当なし
2493,該当なし
2494,該当なし
2495,該当なし
2496,該当なし
2497,該当なし
2498,イギリス/政治映画
2499,Slapstick Comedies for ages 5 to 7
2500,高い評価を得た、感情を揺さぶる伝記ヒューマンドラマ
2501,該当なし
2502,サスペンスコメディ
2503,該当なし
2504,イギリス/ロマンチックなインディーズ系ヒューマンドラマ
2505,該当なし
2506,レイトナイト犯罪コメディ
2507,該当なし
2508,該当なし
2509,該当なし
2510,該当なし
2511,該当なし
2512,該当なし
2513,British Mysteries based on Books
2514,5~7才対象コメディ
2515,該当なし
2516,該当なし
2517,該当なし
2518,該当なし
2519,該当なし
2520,該当なし
2521,Cult Sci-Fi Thrillers
2522,該当なし
2523,スプラッター系心理サスペンス
2524,Steamy French-Language LGBTQ Movies
2525,該当なし
2526,該当なし
2527,該当なし
2528,該当なし
2529,本に基づくバイオレントな犯罪映画
2530,該当なし
2531,該当なし
2532,該当なし
2533,Movies from the 1940s
2534,該当なし
2535,該当なし
2536,スパイドラマ
2537,該当なし
2538,該当なし
2539,該当なし
2540,ロバート・ロドリゲス監督映画
2541,該当なし
2542,該当なし
2543,該当なし
2544,該当なし
2545,該当なし
2546,該当なし
2547,該当なし
2548,Feel-good Teen Movies
2549,該当なし
2550,Israeli Comedies
2551,Critically-acclaimed Witty Satires
2552,怖いインディーズ映画
2553,該当なし
2554,該当なし
2555,該当なし
2556,該当なし
2557,該当なし
2558,該当なし
2559,該当なし
2560,該当なし
2561,高い評価を得た、インディーズ系ロマンチックコメディ
2562,該当なし
2563,Crime Thrillers from the 1940s
2564,気骨のある犯罪サスペンス
2565,該当なし
2566,高い評価を得たインディーズ系犯罪映画
2567,Movies from the 1950s
2568,Emotional Movies for ages 11 to 12
2569,該当なし
2570,Experimental Sci-Fi & Fantasy
2571,該当なし
2572,該当なし
2573,該当なし
2574,該当なし
2575,該当なし
2576,該当なし
2577,French-Language Political Movies
2578,該当なし
2579,該当なし
2580,該当なし
2581,ウディ・ハレルソン出演映画
2582,ティム・バートン監督映画
2583,該当なし
2584,該当なし
2585,該当なし
2586,該当なし
2587,該当なし
2588,該当なし
2589,該当なし
2590,心に響く文化・社会ドキュメンタリー
2591,該当なし
2592,1960年代映画
2593,高い評価を得た官能的なヒューマンドラマ
2594,Quirky Spanish-Language Movies
2595,自然・科学ドキュメンタリー
2596,該当なし
2597,1970年代SF・ファンタジー
2598,該当なし
2599,該当なし
2600,該当なし
2601,該当なし
2602,該当なし
2603,該当なし
2604,該当なし
2605,該当なし
2606,該当なし
2607,前向きな気持ちになるインディーズ映画
2608,該当なし
2609,該当なし
2610,該当なし
2611,ダークな戦争映画
2612,該当なし
2613,該当なし
2614,該当なし
2615,高い評価を得た、本が原作のインディーズ映画
2616,軍隊がテーマの文化・社会ドキュメンタリー
2617,該当なし
2618,該当なし
2619,LGBTQ Social Issue Dramas
2620,該当なし
2621,1970年代映画
2622,Cult B-Horror Movies
2623,該当なし
2624,該当なし
2625,該当なし
2626,該当なし
2627,Sci-Fi & Fantasy from the 1980s
2628,該当なし
2629,該当なし
2630,該当なし
2631,該当なし
2632,該当なし
2633,該当なし
2634,該当なし
2635,Dramas starring Reese Witherspoon
2636,British Political Comedies
2637,該当なし
2638,該当なし
2639,Mind-bending Crime Sci-Fi & Fantasy
2640,該当なし
2641,該当なし
2642,該当なし
2643,該当なし
2644,該当なし
2645,該当なし
2646,該当なし
2647,該当なし
2648,1980年代映画
2649,トニー・スコット監督映画
2650,該当なし
2651,Violent Westerns
2652,該当なし
2653,アクションアニメ
2654,該当なし
2655,該当なし
2656,該当なし
2657,該当なし
2658,該当なし
2659,該当なし
2660,該当なし
2661,該当なし
2662,該当なし
2663,該当なし
2664,該当なし
2665,Romantic Independent Coming-of-age Movies
2666,Gritty Chinese Action & Adventure
2667,該当なし
2668,該当なし
2669,該当なし
2670,該当なし
2671,該当なし
2672,該当なし
2673,該当なし
2674,本に基づく泣けるラブロマンス
2675,該当なし
2676,Crime Thrillers from the 1980s
2677,該当なし
2678,該当なし
2679,Irreverent Crime Comedies
2680,Exciting Biographical Movies
2681,該当なし
2682,該当なし
2683,本に基づくインディーズ映画
2684,該当なし
2685,ダークな政治映画
2686,Movies starring Charlie Sheen
2687,該当なし
2688,該当なし
2689,Critically-acclaimed Dark Comedies
2690,Critically-acclaimed Suspenseful Movies from the 1980s
2691,Action & Adventure starring Stephen Chow
2692,該当なし
2693,該当なし
2694,該当なし
2695,該当なし
2696,スカンジナビア/ドラマ
2697,該当なし
2698,該当なし
2699,該当なし
2700,政治をテーマにしたコメディ
2701,該当なし
2702,該当なし
2703,該当なし
2704,該当なし
2705,該当なし
2706,該当なし
2707,実話を基に、社会問題に迫るヒューマンドラマ
2708,該当なし
2709,該当なし
2710,該当なし
2711,該当なし
2712,該当なし
2713,該当なし
2714,該当なし
2715,該当なし
2716,該当なし
2717,Understated Mysteries
2718,該当なし
2719,該当なし
2720,該当なし
2721,該当なし
2722,該当なし
2723,実話に基づく犯罪ヒューマンドラマ
2724,LGBTQ Coming-of-age Movies
2725,該当なし
2726,該当なし
2727,該当なし
2728,該当なし
2729,SFアニメ
2730,該当なし
2731,該当なし
2732,該当なし
2733,該当なし
2734,該当なし
2735,該当なし
2736,該当なし
2737,該当なし
2738,該当なし
2739,該当なし
2740,該当なし
2741,該当なし
2742,該当なし
2743,国内/犯罪サスペンス
2744,該当なし
2745,高い評価を得た、1970年代のダークなヒューマンドラマ
2746,該当なし
2747,Cerebral Experimental Movies
2748,法廷ヒューマンドラマ
2749,ヘレン・ハント出演映画
2750,該当なし
2751,該当なし
2752,該当なし
2753,該当なし
2754,イギリス/ミステリー
2755,該当なし
2756,Comedies starring Tom Hanks
2757,メキシコ/ヒューマンドラマ
2758,該当なし
2759,該当なし
2760,精神世界をテーマにしたドキュメンタリー
2761,該当なし
2762,該当なし
2763,イギリス/気骨のある犯罪サスペンス
2764,該当なし
2765,該当なし
2766,該当なし
2767,該当なし
2768,該当なし
2769,該当なし
2770,該当なし
2771,該当なし
2772,該当なし
2773,該当なし
2774,Movies starring Whoopi Goldberg
2775,該当なし
2776,該当なし
2777,該当なし
2778,該当なし
2779,Dramas starring Emma Thompson
2780,該当なし
2781,該当なし
2782,該当なし
2783,該当なし
2784,ダークな軍隊映画
2785,該当なし
2786,該当なし
2787,該当なし
2788,該当なし
2789,国内/サスペンス映画
2790,該当なし
2791,該当なし
2792,該当なし
2793,高い評価を得た、心に響くヒューマンドラマ
2794,該当なし
2795,該当なし
2796,該当なし
2797,該当なし
2798,該当なし
2799,該当なし
2800,該当なし
2801,ジム・キャリー出演のコメディ
2802,該当なし
2803,Dark Dramas from the 1970s
2804,該当なし
2805,該当なし
2806,該当なし
2807,高い評価を得た心理サスペンス
2808,Political Dramas based on real life
2809,該当なし
2810,該当なし
2811,該当なし
2812,Chinese Crime Action & Adventure from the 1970s
2813,該当なし
2814,該当なし
2815,該当なし
2816,Dark Movies starring Robert De Niro
2817,該当なし
2818,該当なし
2819,該当なし
2820,該当なし
2821,該当なし
2822,該当なし
2823,Irreverent Independent Comedies
2824,Critically-acclaimed Dark Biographical Movies
2825,該当なし
2826,該当なし
2827,該当なし
2828,該当なし
2829,本に基づくダークなインディーズ系ドラマ
2830,該当なし
2831,該当なし
2832,エキサイティングなモンスター映画
2833,Dark Dramas from the 1980s
2834,該当なし
2835,該当なし
2836,Understated French-Language Movies
2837,該当なし
2838,該当なし
2839,Chinese Crime Action & Adventure from the 1980s
2840,Critically-acclaimed Sentimental Comedies
2841,該当なし
2842,該当なし
2843,該当なし
2844,1980年代のスプラッター映画
2845,該当なし
2846,歴史に基づく犯罪ドキュメンタリー
2847,該当なし
2848,該当なし
2849,該当なし
2850,該当なし
2851,5~7才対象の映像に凝った映画
2852,エキサイティングなB級ホラー
2853,該当なし
2854,該当なし
2855,該当なし
2856,ワールドミュージック・コンサート
2857,気骨のある探偵映画
2858,該当なし
2859,該当なし
2860,該当なし
2861,該当なし
2862,該当なし
2863,ヴェルナー・ヘルツォーク監督映画
2864,該当なし
2865,該当なし
2866,該当なし
2867,該当なし
2868,該当なし
2869,11~12才対象の衝撃的なビジュアルの映画
2870,インド/犯罪アクション・アドベンチャー
2871,該当なし
2872,中南米/気骨のある映画
2873,該当なし
2874,該当なし
2875,該当なし
2876,該当なし
2877,該当なし
2878,高い評価を得たスリリングなアクション・アドベンチャー
2879,該当なし
2880,ナオミ・ワッツ出演映画
2881,該当なし
2882,高い評価を得た犯罪アクション・アドベンチャー
2883,該当なし
2884,Raunchy Action & Adventure
2885,該当なし
2886,該当なし
2887,該当なし
2888,該当なし
2889,該当なし
2890,該当なし
2891,該当なし
2892,該当なし
2893,国内ヒューマンドラマ
2894,該当なし
2895,該当なし
2896,該当なし
2897,該当なし
2898,マーティン・ローレンス出演のコメディ
2899,該当なし
2900,該当なし
2901,イギリス/官能的な映画
2902,該当なし
2903,該当なし
2904,該当なし
2905,該当なし
2906,該当なし
2907,該当なし
2908,該当なし
2909,該当なし
2910,該当なし
2911,該当なし
2912,該当なし
2913,該当なし
2914,該当なし
2915,該当なし
2916,Teen Coming-of-age Movies
2917,該当なし
2918,該当なし
2919,該当なし
2920,該当なし
2921,該当なし
2922,該当なし
2923,該当なし
2924,該当なし
2925,該当なし
2926,Gritty Latin American Dramas
2927,該当なし
2928,該当なし
2929,該当なし
2930,該当なし
2931,該当なし
2932,該当なし
2933,該当なし
2934,該当なし
2935,該当なし
2936,該当なし
2937,該当なし
2938,該当なし
2939,高い評価を得たフランス語のヒューマンドラマ
2940,該当なし
2941,該当なし
2942,Chinese Crime Comedies
2943,ウィットに富んだ映画
2944,該当なし
2945,該当なし
2946,該当なし
2947,該当なし
2948,該当なし
2949,該当なし
2950,該当なし
2951,該当なし
2952,該当なし
2953,スリリングな心理SF・ファンタジー
2954,該当なし
2955,Independent Late Night Comedies
2956,該当なし
2957,該当なし
2958,該当なし
2959,該当なし
2960,該当なし
2961,該当なし
2962,イギリス/インディーズ系犯罪映画
2963,Understated British Independent Movies
2964,該当なし
2965,イギリス/本に基づくコメディ
2966,エキサイティングなヒューマンドラマ
2967,インディーズ系心理映画
2968,本に基づく成長物語
2969,該当なし
2970,該当なし
2971,該当なし
2972,該当なし
2973,該当なし
2974,ハリソン・フォード出演映画
2975,該当なし
2976,該当なし
2977,該当なし
2978,該当なし
2979,想像がふくらむ映画
2980,該当なし
2981,該当なし
2982,該当なし
2983,該当なし
2984,該当なし
2985,該当なし
2986,該当なし
2987,Dramas starring Hilary Swank
2988,Movies directed by Wai-keung Lau
2989,該当なし
2990,該当なし
2991,該当なし
2992,該当なし
2993,該当なし
2994,該当なし
2995,Understated Crime Dramas
2996,該当なし
2997,該当なし
2998,Goofy Spy Movies
2999,該当なし
3000,該当なし
3001,該当なし
3002,該当なし
3003,該当なし
3004,該当なし
3005,該当なし
3006,該当なし
3007,該当なし
3008,該当なし
3009,該当なし
3010,該当なし
3011,該当なし
3012,該当なし
3013,該当なし
3014,該当なし
3015,該当なし
3016,該当なし
3017,該当なし
3018,該当なし
3019,該当なし
3020,該当なし
3021,該当なし
3022,該当なし
3023,該当なし
3024,Creature Features from the 1980s
3025,該当なし
3026,該当なし
3027,該当なし
3028,エキサイティングな生き物・モンスター作品
3029,該当なし
3030,該当なし
3031,該当なし
3032,該当なし
3033,該当なし
3034,該当なし
3035,該当なし
3036,Critically-acclaimed Comedies from the 1960s
3037,該当なし
3038,該当なし
3039,該当なし
3040,探偵アクション・アドベンチャー
3041,該当なし
3042,該当なし
3043,該当なし
3044,該当なし
3045,Indian Political Dramas
3046,感情を揺さぶる伝記ドキュメンタリー
3047,該当なし
3048,該当なし
3049,該当なし
3050,該当なし
3051,該当なし
3052,該当なし
3053,該当なし
3054,該当なし
3055,該当なし
3056,該当なし
3057,該当なし
3058,Critically-acclaimed Comedies from the 1970s
3059,Witty Coming-of-age Movies
3060,該当なし
3061,該当なし
3062,該当なし
3063,劇場版アニメ
3064,該当なし
3065,該当なし
3066,スポーツをテーマにした、実話に基づく映画
3067,Critically-acclaimed Understated Biographical Movies
3068,該当なし
3069,該当なし
3070,高い評価を得た、1980年代のエキサイティングな映画
3071,French-Language Crime Comedies
3072,該当なし
3073,1970年代アニメ
3074,感動的なショービジネス映画
3075,サスペンス系政治アクション・アドベンチャー
3076,該当なし
3077,該当なし
3078,該当なし
3079,高い評価を得た、カルト的な人気のSF・ファンタジー
3080,該当なし
3081,該当なし
3082,衝撃のミステリードラマ
3083,該当なし
3084,高い評価を得た1980年代のコメディ
3085,該当なし
3086,該当なし
3087,高い評価を得たダークなアクション・アドベンチャー
3088,該当なし
3089,該当なし
3090,該当なし
3091,LGBTQ Thrillers
3092,該当なし
3093,該当なし
3094,該当なし
3095,1980年代のアニメ
3096,該当なし
3097,該当なし
3098,該当なし
3099,該当なし
3100,インディーズ系SFヒューマンドラマ
3101,該当なし
3102,映像に凝った、感情を揺さぶるヒューマンドラマ
3103,該当なし
3104,該当なし
3105,Violent Independent Crime Movies
3106,該当なし
3107,該当なし
3108,該当なし
3109,該当なし
3110,該当なし
3111,該当なし
3112,Irreverent Cult Movies
3113,該当なし
3114,該当なし
3115,該当なし
3116,Golf Non-fiction
3117,該当なし
3118,該当なし
3119,該当なし
3120,該当なし
3121,該当なし
3122,該当なし
3123,該当なし
3124,該当なし
3125,該当なし
3126,Movies starring Madhuri Dixit
3127,Movies directed by Gus Van Sant
3128,該当なし
3129,該当なし
3130,該当なし
3131,該当なし
3132,該当なし
3133,該当なし
3134,該当なし
3135,該当なし
3136,該当なし
3137,該当なし
3138,該当なし
3139,エキサイティングな、SFアクション・アドベンチャー
3140,該当なし
3141,該当なし
3142,該当なし
3143,該当なし
3144,該当なし
3145,該当なし
3146,Comedies starring Chevy Chase
3147,該当なし
3148,該当なし
3149,該当なし
3150,該当なし
3151,該当なし
3152,政治をテーマにした、知性に訴える映画
3153,該当なし
3154,該当なし
3155,該当なし
3156,知性に訴える軍隊映画
3157,該当なし
3158,トミー・リー・ジョーンズ出演映画
3159,Biographical Tearjerkers
3160,該当なし
3161,該当なし
3162,該当なし
3163,Dark Italian Movies
3164,3~4才対象で、想像がふくらむ映画
3165,該当なし
3166,Dark Alien Sci-Fi
3167,該当なし
3168,該当なし
3169,該当なし
3170,該当なし
3171,Quirky LGBTQ Dramas
3172,該当なし
3173,該当なし
3174,イギリス/前向きな気持ちになる映画
3175,該当なし
3176,該当なし
3177,該当なし
3178,該当なし
3179,伝記ヒューマンドラマ
3180,感情を揺さぶるサスペンス
3181,該当なし
3182,該当なし
3183,該当なし
3184,該当なし
3185,該当なし
3186,ロマンチックなティーン向けコメディ
3187,該当なし
3188,イギリス/LGBTQヒューマンドラマ
3189,該当なし
3190,該当なし
3191,該当なし
3192,該当なし
3193,該当なし
3194,該当なし
3195,該当なし
3196,映像に凝った武術映画
3197,該当なし
3198,該当なし
3199,Steamy Cult Movies
3200,イギリス/犯罪ドラマ
3201,該当なし
3202,該当なし
3203,ピアース・ブロスナン出演映画
3204,クリント・イーストウッド出演映画
3205,気骨のある心理映画
3206,該当なし
3207,該当なし
3208,該当なし
3209,ニコラス・ツェー出演映画
3210,ダスティン・ホフマン出演映画
3211,該当なし
3212,イライジャ・ウッド出演映画
3213,該当なし
3214,該当なし
3215,美しきサッカーの世界
3216,該当なし
3217,該当なし
3218,該当なし
3219,該当なし
3220,該当なし
3221,該当なし
3222,ウィル・フェレル出演映画
3223,気骨のある映画
3224,涙なしでは観られないスポーツ作品
3225,映像に凝った映画
3226,該当なし
3227,該当なし
3228,該当なし
3229,該当なし
3230,該当なし
3231,該当なし
3232,トミー・リー・ジョーンズ出演のヒューマンドラマ
3233,該当なし
3234,該当なし
3235,該当なし
3236,該当なし
3237,該当なし
3238,該当なし
3239,該当なし
3240,該当なし
3241,該当なし
3242,Movies starring Bobby Deol
3243,該当なし
3244,Italian Crime Movies
3245,該当なし
3246,該当なし
3247,該当なし
3248,該当なし
3249,該当なし
3250,イギリス/政治ドラマ
3251,該当なし
3252,該当なし
3253,該当なし
3254,該当なし
3255,該当なし
3256,該当なし
3257,該当なし
3258,該当なし
3259,該当なし
3260,該当なし
3261,該当なし
3262,該当なし
3263,該当なし
3264,該当なし
3265,該当なし
3266,イギリス/ちょっと変わったコメディ
3267,スリリングな軍隊アクション・アドベンチャー
3268,該当なし
3269,インディーズ系サスペンス
3270,該当なし
3271,該当なし
3272,該当なし
3273,該当なし
3274,該当なし
3275,該当なし
3276,該当なし
3277,該当なし
3278,該当なし
3279,該当なし
3280,該当なし
3281,該当なし
3282,該当なし
3283,該当なし
3284,該当なし
3285,該当なし
3286,該当なし
3287,該当なし
3288,該当なし
3289,該当なし
3290,該当なし
3291,該当なし
3292,該当なし
3293,Home Improvement
3294,該当なし
3295,Action & Adventure starring Gene Hackman
3296,該当なし
3297,該当なし
3298,該当なし
3299,該当なし
3300,イタリア/コメディ
3301,該当なし
3302,国内/ダークなドラマ
3303,Scary Spanish-Language Movies
3304,該当なし
3305,アミターブ・バッチャン出演のヒューマンドラマ
3306,該当なし
3307,該当なし
3308,該当なし
3309,該当なし
3310,高い評価を得た、本が原作のヒューマンドラマ
3311,ウィットに富んだドキュメンタリー
3312,映像に凝ったファンタジー映画
3313,該当なし
3314,該当なし
3315,該当なし
3316,Thrillers starring Morgan Freeman
3317,該当なし
3318,該当なし
3319,Critically-acclaimed Understated Action & Adventure
3320,該当なし
3321,該当なし
3322,該当なし
3323,Mexican Crime Movies
3324,該当なし
3325,該当なし
3326,該当なし
3327,エイリアン系SF
3328,該当なし
3329,LGBTQを描いたラブロマンス
3330,該当なし
3331,インディーズ系スポーツ映画
3332,該当なし
3333,該当なし
3334,該当なし
3335,該当なし
3336,該当なし
3337,Movies starring Tim Allen
3338,該当なし
3339,本に基づくイインディーズ系ドラマ
3340,該当なし
3341,該当なし
3342,該当なし
3343,本に基づく感傷的な泣ける作品
3344,該当なし
3345,該当なし
3346,該当なし
3347,該当なし
3348,該当なし
3349,Sports Dramas based on Books
3350,該当なし
3351,該当なし
3352,Critically-acclaimed Gritty Independent Crime Dramas
3353,該当なし
3354,気骨のあるヒューマンドラマ
3355,該当なし
3356,Comedies starring Robert Downey Jr.
3357,該当なし
3358,該当なし
3359,該当なし
3360,該当なし
3361,該当なし
3362,該当なし
3363,エキサイティングなインディーズ系ヒューマンドラマ
3364,該当なし
3365,実話を基に、軍隊を描いた映画
3366,該当なし
3367,該当なし
3368,該当なし
3369,Gory Adventures
3370,Dramas starring Kirsten Dunst
3371,該当なし
3372,該当なし
3373,戦争映画
3374,該当なし
3375,文化・社会派犯罪ドキュメンタリー
3376,該当なし
3377,該当なし
3378,Detective Dramas
3379,心温まる伝記ヒューマンドラマ
3380,1980年代のコミカルなアクション・アドベンチャー
3381,Australian Dramas from the 1980s
3382,該当なし
3383,該当なし
3384,該当なし
3385,該当なし
3386,該当なし
3387,該当なし
3388,該当なし
3389,該当なし
3390,Romantic Sports Comedies
3391,該当なし
3392,Action Sci-Fi & Fantasy for ages 11 to 12
3393,該当なし
3394,イギリス/ドキュメンタリー
3395,該当なし
3396,該当なし
3397,該当なし
3398,該当なし
3399,該当なし
3400,該当なし
3401,該当なし
3402,該当なし
3403,該当なし
3404,スポーツがテーマで、実話を基にした心に響くヒューマンドラマ
3405,該当なし
3406,該当なし
3407,該当なし
3408,LGBTQを描いた文化・社会ドキュメンタリー
3409,該当なし
3410,ティーン向けスポーツ映画
3411,該当なし
3412,該当なし
3413,該当なし
3414,該当なし
3415,該当なし
3416,該当なし
3417,該当なし
3418,該当なし
3419,アンジェリーナ・ジョリー出演映画
3420,該当なし
3421,該当なし
3422,該当なし
3423,該当なし
3424,該当なし
3425,該当なし
3426,該当なし
3427,該当なし
3428,映像に凝った血みどろ犯罪映画
3429,該当なし
3430,ジェイク・ギレンホール出演映画
3431,該当なし
3432,該当なし
3433,Critically-acclaimed Quirky Movies from the 1980s
3434,該当なし
3435,該当なし
3436,該当なし
3437,該当なし
3438,映像に凝ったヒューマンドラマ
3439,該当なし
3440,該当なし
3441,該当なし
3442,該当なし
3443,レイフ・ファインズ出演映画
3444,該当なし
3445,該当なし
3446,該当なし
3447,該当なし
3448,該当なし
3449,該当なし
3450,該当なし
3451,該当なし
3452,Sentimental Biographical Dramas
3453,該当なし
3454,該当なし
3455,該当なし
3456,該当なし
3457,該当なし
3458,該当なし
3459,現実の枠を超えたインディーズ映画
3460,該当なし
3461,該当なし
3462,該当なし
3463,該当なし
3464,Critically-acclaimed Witty Movies from the 1970s
3465,該当なし
3466,該当なし
3467,Dark Political Dramas based on Books
3468,該当なし
3469,該当なし
3470,該当なし
3471,該当なし
3472,該当なし
3473,該当なし
3474,該当なし
3475,該当なし
3476,該当なし
3477,該当なし
3478,該当なし
3479,Mind-bending Fantasy Movies
3480,該当なし
3481,該当なし
3482,該当なし
3483,該当なし
3484,該当なし
3485,スプラッター系戦争ヒューマンドラマ
3486,メル・ギブソン出演映画
3487,該当なし
3488,怖いドラマ
3489,Action & Adventure starring Pierce Brosnan
3490,Action & Adventure starring Clint Eastwood
3491,該当なし
3492,該当なし
3493,該当なし
3494,コリン・ファース出演のヒューマンドラマ
3495,該当なし
3496,該当なし
3497,該当なし
3498,11~12才対象の感情を揺さぶるヒューマンドラマ
3499,該当なし
3500,該当なし
3501,該当なし
3502,該当なし
3503,該当なし
3504,該当なし
3505,該当なし
3506,該当なし
3507,8~10才対象SFアドベンチャー
3508,該当なし
3509,該当なし
3510,該当なし
3511,該当なし
3512,Witty Movies from the 1970s
3513,ケイト・ウィンスレット出演のヒューマンドラマ
3514,該当なし
3515,イギリス/高い評価を得た、ウィットに富む映画
3516,該当なし
3517,該当なし
3518,ちょっと変わったショービジネス映画
3519,ティーン向けコメディ
3520,該当なし
3521,該当なし
3522,該当なし
3523,該当なし
3524,該当なし
3525,カリーナ・カプール出演映画
3526,該当なし
3527,Cult Satanic Stories
3528,該当なし
3529,該当なし
3530,該当なし
3531,Suspenseful Political Movies based on real life
3532,該当なし
3533,該当なし
3534,イギリス/インディーズ系サスペンス
3535,Steamy Political Movies
3536,Critically-acclaimed Romantic French-Language Dramas
3537,該当なし
3538,該当なし
3539,該当なし
3540,Movies starring Holly Hunter
3541,Comedies starring Shirley MacLaine
3542,該当なし
3543,Witty Movies from the 1980s
3544,該当なし
3545,該当なし
3546,該当なし
3547,カルト的な人気のスプラッター映画
3548,該当なし
3549,該当なし
3550,該当なし
3551,高い評価を得たインディーズ系犯罪サスペンス
3552,該当なし
3553,ショービジネスの世界を描いた、ダークな映画
3554,該当なし
3555,本に基づく頭を使う映画
3556,該当なし
3557,該当なし
3558,該当なし
3559,該当なし
3560,実話に基づくセンチメンタルなヒューマンドラマ
3561,該当なし
3562,該当なし
3563,Sci-Fi & Fantasy for ages 8 to 10
3564,Romantic Movies starring Juliette Binoche
3565,該当なし
3566,ウィットに富んだカルト的な人気の映画
3567,ジェニファー・コネリー出演映画
3568,該当なし
3569,該当なし
3570,該当なし
3571,該当なし
3572,Comedies starring Stephen Chow
3573,該当なし
3574,Critically-acclaimed Romantic Dramas from the 1980s
3575,該当なし
3576,該当なし
3577,1980年代のコミカルな映画
3578,該当なし
3579,該当なし
3580,Suspenseful Historical Documentaries
3581,該当なし
3582,Witty Coming-of-age Comedies
3583,該当なし
3584,該当なし
3585,該当なし
3586,該当なし
3587,該当なし
3588,該当なし
3589,該当なし
3590,Mexican Political Movies
3591,該当なし
3592,ダークなSF・ファンタジー
3593,該当なし
3594,該当なし
3595,該当なし
3596,該当なし
3597,該当なし
3598,該当なし
3599,Critically-acclaimed Cult Crime Movies
3600,該当なし
3601,該当なし
3602,該当なし
3603,該当なし
3604,該当なし
3605,スペイン語の犯罪サスペンス
3606,該当なし
3607,該当なし
3608,怖いSFスリラー
3609,該当なし
3610,該当なし
3611,高い評価を得た伝記ドキュメンタリー
3612,Indian Movies from the 1970s
3613,該当なし
3614,該当なし
3615,該当なし
3616,Goofy Political Movies
3617,該当なし
3618,映像に凝った、知性に訴える映画
3619,該当なし
3620,該当なし
3621,イギリス/高い評価を得たインディーズ映画
3622,該当なし
3623,知性に訴える、フランス語の映画
3624,該当なし
3625,該当なし
3626,該当なし
3627,該当なし
3628,該当なし
3629,該当なし
3630,該当なし
3631,1980年代のエキサイティングなアクションSF・ファンタジー
3632,該当なし
3633,該当なし
3634,Indian Movies from the 1980s
3635,Spanish-Language LGBTQ Dramas
3636,該当なし
3637,該当なし
3638,該当なし
3639,該当なし
3640,Suspenseful Westerns
3641,該当なし
3642,Irreverent Horror Movies
3643,該当なし
3644,高い評価を得た心温まる映画
3645,該当なし
3646,該当なし
3647,該当なし
3648,該当なし
3649,該当なし
3650,該当なし
3651,Movies starring William Hurt
3652,伝記ドキュメンタリー
3653,実話に基づくヒューマンドラマ
3654,該当なし
3655,該当なし
3656,該当なし
3657,該当なし
3658,ちょっと変わったミステリー
3659,ロシア/アクション・アドベンチャー
3660,高い評価を得たSFサスペンス
3661,イギリス/歴史ドキュメンタリー
3662,該当なし
3663,該当なし
3664,該当なし
3665,該当なし
3666,華流/ラブロマンス映画
3667,該当なし
3668,該当なし
3669,高い評価を得た、気骨のあるサスペンス
3670,該当なし
3671,該当なし
3672,アル・パチーノ出演のヒューマンドラマ
3673,該当なし
3674,該当なし
3675,文化・社会ドキュメンタリー
3676,該当なし
3677,該当なし
3678,ダークなインディーズ系サスペンス
3679,該当なし
3680,ロマンチックなスポーツ映画
3681,Critically-acclaimed Violent Psychological Movies
3682,イギリス/ヒューマンドラマ
3683,ジャン=クロード・ヴァン・ダム出演のアクション & アドベンチャー
3684,該当なし
3685,該当なし
3686,該当なし
3687,該当なし
3688,該当なし
3689,該当なし
3690,該当なし
3691,該当なし
3692,ちょっと変わったSF・ファンタジー
3693,該当なし
3694,該当なし
3695,該当なし
3696,該当なし
3697,該当なし
3698,該当なし
3699,イギリス/官能的なヒューマンドラマ
3700,該当なし
3701,Critically-acclaimed Violent Movies based on Books
3702,該当なし
3703,該当なし
3704,該当なし
3705,British Political Dramas based on Books
3706,ショービジネスの世界を描いたコメディ
3707,該当なし
3708,該当なし
3709,該当なし
3710,該当なし
3711,バイオレントな心理映画
3712,該当なし
3713,Crime Dramas based on real life from the 1980s
3714,該当なし
3715,Critically-acclaimed Violent Crime Movies
3716,該当なし
3717,知性に訴えるインディーズ系犯罪映画
3718,該当なし
3719,該当なし
3720,国内/頭を使うドラマ
3721,高い評価を得たホラー映画
3722,映像に凝った犯罪サスペンス
3723,該当なし
3724,該当なし
3725,該当なし
3726,頭を使う犯罪ドラマ
3727,該当なし
3728,該当なし
3729,おもしろおかしいティーン向けコメディ
3730,ユアン・マクレガー出演のヒューマンドラマ
3731,該当なし
3732,該当なし
3733,該当なし
3734,該当なし
3735,該当なし
3736,該当なし
3737,該当なし
3738,該当なし
3739,該当なし
3740,該当なし
3741,高い評価を得たスプラッター・ホラー映画
3742,該当なし
3743,感情を揺さぶるインディーズ系ヒューマンドラマ
3744,該当なし
3745,Dramas starring Keanu Reeves
3746,5~7才対象のスポーツ映画
3747,該当なし
3748,該当なし
3749,該当なし
3750,該当なし
3751,Dark Political Thrillers
3752,該当なし
3753,該当なし
3754,Teen Action & Adventure
3755,該当なし
3756,該当なし
3757,該当なし
3758,該当なし
3759,インド/センチメンタルなヒューマンドラマ
3760,該当なし
3761,アフリカ映画
3762,該当なし
3763,該当なし
3764,該当なし
3765,該当なし
3766,該当なし
3767,該当なし
3768,該当なし
3769,該当なし
3770,該当なし
3771,映像に凝った犯罪アクション・アドベンチャー
3772,該当なし
3773,該当なし
3774,現実の枠を超えた心理SF・ファンタジー
3775,該当なし
3776,該当なし
3777,Mind-bending Animation
3778,該当なし
3779,該当なし
3780,該当なし
3781,Understated Independent Biographical Movies
3782,該当なし
3783,高い評価を得たサイコミステリー
3784,該当なし
3785,該当なし
3786,該当なし
3787,クライヴ・オーウェン出演映画
3788,Feel-good LGBTQ Movies
3789,該当なし
3790,該当なし
3791,該当なし
3792,該当なし
3793,該当なし
3794,該当なし
3795,インディーズ系SFサスペンス
3796,該当なし
3797,該当なし
3798,該当なし
3799,本に基づくエキサイティングなドラマ
3800,該当なし
3801,該当なし
3802,オーストラリア/スリリングな映画
3803,該当なし
3804,該当なし
3805,該当なし
3806,Comedies starring Richard Pryor
3807,該当なし
3808,該当なし
3809,該当なし
3810,該当なし
3811,該当なし
3812,該当なし
3813,Action & Adventure directed by John Woo
3814,該当なし
3815,該当なし
3816,Goofy Movies starring Will Ferrell
3817,該当なし
3818,該当なし
3819,該当なし
3820,該当なし
3821,該当なし
3822,Goofy LGBTQ Movies
3823,該当なし
3824,該当なし
3825,該当なし
3826,該当なし
3827,該当なし
3828,該当なし
3829,該当なし
3830,本が原作のラブロマンス
3831,該当なし
3832,該当なし
3833,該当なし
3834,該当なし
3835,該当なし
3836,該当なし
3837,該当なし
3838,該当なし
3839,該当なし
3840,該当なし
3841,該当なし
3842,該当なし
3843,該当なし
3844,該当なし
3845,ヘレナ・ボナム=カーター出演映画
3846,Movies starring Helen Mirren
3847,該当なし
3848,エキサイティングな軍隊ドラマ
3849,該当なし
3850,該当なし
3851,該当なし
3852,1980年代の犯罪コメディ
3853,該当なし
3854,該当なし
3855,該当なし
3856,気骨のある軍隊ヒューマンドラマ
3857,該当なし
3858,該当なし
3859,該当なし
3860,中東/ドキュメンタリー
3861,該当なし
3862,該当なし
3863,該当なし
3864,該当なし
3865,該当なし
3866,該当なし
3867,該当なし
3868,該当なし
3869,児童書に基づくセンチメンタルな映画
3870,該当なし
3871,該当なし
3872,Gritty Movies from the 1970s
3873,該当なし
3874,政治をテーマにした、感情を揺さぶるヒューマンドラマ
3875,該当なし
3876,該当なし
3877,該当なし
3878,該当なし
3879,Critically-acclaimed Violent Sci-Fi & Fantasy
3880,インディーズ系心理ホラー
3881,該当なし
3882,該当なし
3883,該当なし
3884,該当なし
3885,Campy Late Night Comedies
3886,該当なし
3887,該当なし
3888,該当なし
3889,該当なし
3890,フード・ワイン
3891,ブラッド・ピット出演映画
3892,Eastern European Comedies
3893,該当なし
3894,該当なし
3895,該当なし
3896,該当なし
3897,該当なし
3898,該当なし
3899,該当なし
3900,該当なし
3901,該当なし
3902,該当なし
3903,シットコム
3904,Gritty Movies from the 1980s
3905,該当なし
3906,該当なし
3907,該当なし
3908,該当なし
3909,該当なし
3910,該当なし
3911,該当なし
3912,該当なし
3913,Steamy B-Horror Movies
3914,Steamy French-Language LGBTQ Dramas
3915,該当なし
3916,SFヒューマンドラマ
3917,アクシャイ・クマール出演のヒューマンドラマ
3918,該当なし
3919,フランス語のLGBTQ映画
3920,該当なし
3921,該当なし
3922,該当なし
3923,国内/1970年代映画
3924,British Dramas from the 1960s
3925,該当なし
3926,該当なし
3927,Suspenseful Sci-Fi & Fantasy based on Books
3928,該当なし
3929,該当なし
3930,該当なし
3931,該当なし
3932,該当なし
3933,該当なし
3934,該当なし
3935,該当なし
3936,オーストラリア/犯罪映画
3937,該当なし
3938,該当なし
3939,該当なし
3940,該当なし
3941,バイオレントなSFホラー映画
3942,該当なし
3943,該当なし
3944,該当なし
3945,該当なし
3946,該当なし
3947,社会問題に迫るヒューマンドラマ
3948,該当なし
3949,該当なし
3950,該当なし
3951,該当なし
3952,国内/1980年代映画
3953,British Dramas from the 1970s
3954,該当なし
3955,該当なし
3956,該当なし
3957,該当なし
3958,該当なし
3959,該当なし
3960,華流映画
3961,該当なし
3962,イギリス/心理ヒューマンドラマ
3963,実話に基づくラブロマンス映画
3964,該当なし
3965,該当なし
3966,該当なし
3967,該当なし
3968,Movies directed by Pedro Almodóvar
3969,該当なし
3970,該当なし
3971,衝撃的なビジュアルのバイオレント映画
3972,該当なし
3973,該当なし
3974,British Dramas from the 1980s
3975,該当なし
3976,該当なし
3977,該当なし
3978,該当なし
3979,高い評価を得た映画
3980,該当なし
3981,該当なし
3982,該当なし
3983,該当なし
3984,該当なし
3985,該当なし
3986,Raunchy Crime Movies
3987,該当なし
3988,該当なし
3989,Gritty British Movies
3990,該当なし
3991,該当なし
3992,実話に基づいた感情を揺さぶる戦争系ヒューマンドラマ
3993,該当なし
3994,該当なし
3995,該当なし
3996,中南米/コメディ
3997,該当なし
3998,想像がふくらむSF・ファンタジー
3999,該当なし
4000,該当なし
4001,ヘレナ・ボナム＝カーター出演のヒューマンドラマ
4002,該当なし
4003,Raunchy Sports Movies
4004,該当なし
4005,該当なし
4006,軍隊・戦争を描いたドキュメンタリー
4007,Movies starring Alicia Silverstone
4008,該当なし
4009,Movies starring Tim Robbins
4010,該当なし
4011,Critically-acclaimed Independent Showbiz Movies
4012,該当なし
4013,Dramas starring Naseeruddin Shah
4014,該当なし
4015,Sci-Fi Horror Movies from the 1980s
4016,該当なし
4017,該当なし
4018,心に響くスポーツドキュメンタリー
4019,該当なし
4020,該当なし
4021,おもしろおかしいホラー映画
4022,該当なし
4023,Violent Independent Action & Adventure
4024,該当なし
4025,該当なし
4026,該当なし
4027,ドイツ語のヒューマンドラマ
4028,該当なし
4029,該当なし
4030,該当なし
4031,該当なし
4032,成長物語の映画
4033,該当なし
4034,該当なし
4035,該当なし
4036,該当なし
4037,該当なし
4038,該当なし
4039,該当なし
4040,Witty LGBTQ Comedies
4041,該当なし
4042,該当なし
4043,Inspiring Movies for ages 11 to 12
4044,該当なし
4045,該当なし
4046,スリリングなドキュメンタリー
4047,該当なし
4048,メキシコ/ドキュメンタリー
4049,該当なし
4050,該当なし
4051,該当なし
4052,高い評価を得た、知性に訴えるヒューマンドラマ
4053,該当なし
4054,該当なし
4055,該当なし
4056,趣味・ゲーム
4057,血みどろなエイリアンSF作品
4058,犯罪をテーマにしたコメディ
4059,該当なし
4060,Scary Crime Movies based on Books
4061,該当なし
4062,該当なし
4063,該当なし
4064,該当なし
4065,該当なし
4066,該当なし
4067,該当なし
4068,該当なし
4069,該当なし
4070,該当なし
4071,該当なし
4072,スポーツをテーマにした、実話に基づくヒューマンドラマ
4073,該当なし
4074,該当なし
4075,該当なし
4076,該当なし
4077,該当なし
4078,該当なし
4079,該当なし
4080,該当なし
4081,該当なし
4082,該当なし
4083,Critically-acclaimed Scary Psychological Movies
4084,本に基づく心に響くドラマ
4085,国内/官能的なヒューマンドラマ
4086,該当なし
4087,該当なし
4088,心に響く政治ドキュメンタリー
4089,該当なし
4090,Witty Spy Movies
4091,該当なし
4092,該当なし
4093,該当なし
4094,該当なし
4095,該当なし
4096,該当なし
4097,該当なし
4098,該当なし
4099,該当なし
4100,ちょっと変わったインディーズ系ヒューマンドラマ
4101,該当なし
4102,該当なし
4103,該当なし
4104,該当なし
4105,該当なし
4106,該当なし
4107,Italian Crime Dramas
4108,該当なし
4109,該当なし
4110,エキサイティングな犯罪アクションSF・ファンタジー
4111,該当なし
4112,該当なし
4113,スペイン語の政治ヒューマンドラマ
4114,該当なし
4115,該当なし
4116,ハートウォーミングなスポーツ映画
4117,スプラッター系サスペンス
4118,該当なし
4119,該当なし
4120,該当なし
4121,該当なし
4122,Movies directed by Oliver Stone
4123,ミッキー・ローク出演映画
4124,該当なし
4125,該当なし
4126,該当なし
4127,該当なし
4128,該当なし
4129,該当なし
4130,該当なし
4131,該当なし
4132,該当なし
4133,該当なし
4134,該当なし
4135,該当なし
4136,感情を揺さぶる映画
4137,該当なし
4138,該当なし
4139,ジェイミー・フォックス出演映画
4140,該当なし
4141,該当なし
4142,該当なし
4143,該当なし
4144,該当なし
4145,該当なし
4146,該当なし
4147,本が原作のミステリー
4148,該当なし
4149,該当なし
4150,該当なし
4151,該当なし
4152,該当なし
4153,怖いアクション・アドベンチャー
4154,ジョン・キューザック出演映画
4155,該当なし
4156,該当なし
4157,該当なし
4158,該当なし
4159,ケイト・ブランシェット出演映画
4160,1940年代の戦争映画
4161,該当なし
4162,血みどろ軍隊アクション・アドベンチャー
4163,バイオレントな犯罪映画
4164,該当なし
4165,フランス語の伝記映画
4166,該当なし
4167,Movies starring Diane Lane
4168,該当なし
4169,該当なし
4170,イギリス/官能的なインディーズ系ヒューマンドラマ
4171,該当なし
4172,該当なし
4173,該当なし
4174,該当なし
4175,該当なし
4176,本に基づく社会問題に迫るドラマ
4177,該当なし
4178,イギリス/本に基づくスリリングな映画
4179,該当なし
4180,該当なし
4181,該当なし
4182,該当なし
4183,該当なし
4184,該当なし
4185,該当なし
4186,該当なし
4187,該当なし
4188,心理フィルムノワール
4189,該当なし
4190,該当なし
4191,Sentimental Social Issue Dramas
4192,該当なし
4193,該当なし
4194,該当なし
4195,インディーズ系コメディ
4196,該当なし
4197,該当なし
4198,Dark Sports Movies
4199,Dramas directed by Oliver Stone
4200,該当なし
4201,本に基づくカルト的な人気映画
4202,該当なし
4203,該当なし
4204,該当なし
4205,該当なし
4206,本が原作のSFサスペンス
4207,該当なし
4208,Eastern European Political Movies
4209,該当なし
4210,中国/おもしろおかしい映画
4211,該当なし
4212,レイチェル・ワイズ出演映画
4213,該当なし
4214,該当なし
4215,該当なし
4216,該当なし
4217,該当なし
4218,該当なし
4219,Critically-acclaimed Coming-of-age Dramas
4220,該当なし
4221,該当なし
4222,該当なし
4223,Dramas starring Jeff Bridges
4224,該当なし
4225,該当なし
4226,該当なし
4227,該当なし
4228,Raunchy Independent Satires
4229,モーガン・フリーマン出演のヒューマンドラマ
4230,該当なし
4231,該当なし
4232,該当なし
4233,該当なし
4234,該当なし
4235,War Movies from the 1970s
4236,イギリス/LGBTQ映画
4237,該当なし
4238,該当なし
4239,該当なし
4240,該当なし
4241,該当なし
4242,該当なし
4243,官能的なインディーズ系コメディ
4244,該当なし
4245,該当なし
4246,該当なし
4247,該当なし
4248,該当なし
4249,高い評価を得た、感情を揺さぶるヒューマンドラマ
4250,該当なし
4251,インディーズ系ミステリー
4252,高い評価を得た政治ドキュメンタリー
4253,該当なし
4254,該当なし
4255,該当なし
4256,該当なし
4257,高い評価を得たフランス語のラブロマンス映画
4258,高い評価を得た、本が原作のダークな映画
4259,該当なし
4260,該当なし
4261,該当なし
4262,該当なし
4263,該当なし
4264,該当なし
4265,該当なし
4266,該当なし
4267,該当なし
4268,該当なし
4269,該当なし
4270,該当なし
4271,該当なし
4272,1980年代の戦争映画
4273,該当なし
4274,該当なし
4275,該当なし
4276,該当なし
4277,該当なし
4278,該当なし
4279,該当なし
4280,該当なし
4281,該当なし
4282,イタリア/ヒューマンドラマ
4283,該当なし
4284,該当なし
4285,1970年代の衝撃的なビジュアルの映画
4286,French-Language LGBTQ Dramas
4287,該当なし
4288,該当なし
4289,該当なし
4290,該当なし
4291,該当なし
4292,該当なし
4293,11~12才対象のTV番組・ドラマ
4294,該当なし
4295,Teen Coming-of-age Dramas
4296,該当なし
4297,オーストラリア/気骨に満ちた映画
4298,該当なし
4299,該当なし
4300,該当なし
4301,該当なし
4302,該当なし
4303,該当なし
4304,該当なし
4305,該当なし
4306,Critically-acclaimed Horror Movies from the 1980s
4307,該当なし
4308,該当なし
4309,Sentimental Coming-of-age Movies
4310,該当なし
4311,該当なし
4312,該当なし
4313,Dramas starring Rekha
4314,1980年代の衝撃的なビジュアルの映画
4315,該当なし
4316,該当なし
4317,該当なし
4318,該当なし
4319,実話を基にした、感情を揺さぶるヒューマンドラマ
4320,該当なし
4321,該当なし
4322,Steamy Italian Dramas
4323,該当なし
4324,該当なし
4325,該当なし
4326,Quirky Detective Movies
4327,該当なし
4328,該当なし
4329,該当なし
4330,該当なし
4331,該当なし
4332,該当なし
4333,該当なし
4334,該当なし
4335,ジョン・アブラハム出演映画
4336,該当なし
4337,該当なし
4338,該当なし
4339,該当なし
4340,該当なし
4341,気骨のあるフランス語の映画
4342,該当なし
4343,該当なし
4344,国内アクション・アドベンチャー
4345,該当なし
4346,該当なし
4347,該当なし
4348,該当なし
4349,該当なし
4350,該当なし
4351,該当なし
4352,該当なし
4353,該当なし
4354,該当なし
4355,Feel-good Children & Family Movies from the 1980s
4356,該当なし
4357,該当なし
4358,該当なし
4359,該当なし
4360,該当なし
4361,映像に凝った、知性に訴えるヒューマンドラマ
4362,政治をテーマにした、心に響く映画
4363,該当なし
4364,該当なし
4365,バイオレントなSFスリラー
4366,TVミステリー
4367,気骨のあるマーシャルアーツ・武術映画
4368,該当なし
4369,該当なし
4370,スポーツ映画
4371,該当なし
4372,該当なし
4373,該当なし
4374,該当なし
4375,該当なし
4376,三池崇史監督映画
4377,該当なし
4378,該当なし
4379,該当なし
4380,該当なし
4381,該当なし
4382,イギリス/本に基づくダークドラマ
4383,該当なし
4384,該当なし
4385,該当なし
4386,該当なし
4387,該当なし
4388,該当なし
4389,該当なし
4390,該当なし
4391,該当なし
4392,Movies starring Terence Hill
4393,該当なし
4394,該当なし
4395,該当なし
4396,該当なし
4397,該当なし
4398,高い評価を得た、心に響くドキュメンタリー
4399,該当なし
4400,該当なし
4401,該当なし
4402,該当なし
4403,該当なし
4404,該当なし
4405,該当なし
4406,該当なし
4407,Suspenseful Movies starring Morgan Freeman
4408,該当なし
4409,ガエル・ガルシア・ベルナル出演のヒューマンドラマ
4410,該当なし
4411,該当なし
4412,該当なし
4413,該当なし
4414,該当なし
4415,該当なし
4416,該当なし
4417,該当なし
4418,該当なし
4419,該当なし
4420,8~10才対象の想像がふくらむ映画
4421,該当なし
4422,該当なし
4423,該当なし
4424,8~10才対象のスポーツ映画
4425,ブラジル/ヒューマンドラマ
4426,該当なし
4427,該当なし
4428,該当なし
4429,該当なし
4430,該当なし
4431,ユマ・サーマン出演映画
4432,該当なし
4433,該当なし
4434,該当なし
4435,該当なし
4436,本に基づくエキサイティングな映画
4437,該当なし
4438,Critically-acclaimed Violent Military Movies
4439,該当なし
4440,該当なし
4441,Teen Independent Comedies
4442,該当なし
4443,該当なし
4444,ちょっと変わった映画
4445,該当なし
4446,該当なし
4447,フランス語のアクション・アドベンチャー
4448,該当なし
4449,該当なし
4450,該当なし
4451,該当なし
4452,該当なし
4453,該当なし
4454,該当なし
4455,スカンジナビア/犯罪がテーマのヒューマンドラマ
4456,該当なし
4457,ウィノナ・ライダー出演映画
4458,該当なし
4459,該当なし
4460,該当なし
4461,該当なし
4462,Biographical Spiritual Documentaries
4463,映像に凝ったスプラッター映画
4464,該当なし
4465,該当なし
4466,Critically-acclaimed Emotional Movies from the 1980s
4467,該当なし
4468,該当なし
4469,該当なし
4470,該当なし
4471,該当なし
4472,該当なし
4473,該当なし
4474,該当なし
4475,該当なし
4476,該当なし
4477,該当なし
4478,イギリス/気骨のある犯罪ヒューマンドラマ
4479,イギリス/高い評価を得たインディーズ系ヒューマンドラマ
4480,該当なし
4481,該当なし
4482,該当なし
4483,該当なし
4484,該当なし
4485,該当なし
4486,該当なし
4487,該当なし
4488,Movies starring John Cleese
4489,Showbiz Mockumentaries
4490,該当なし
4491,該当なし
4492,該当なし
4493,該当なし
4494,該当なし
4495,該当なし
4496,該当なし
4497,該当なし
4498,該当なし
4499,該当なし
4500,気骨のある犯罪ドラマ
4501,該当なし
4502,インディーズ系風刺
4503,該当なし
4504,該当なし
4505,楽しくなるキッズ・ファミリー映画
4506,該当なし
4507,該当なし
4508,該当なし
4509,官能的なインディーズ系サスペンス
4510,該当なし
4511,該当なし
4512,該当なし
4513,Sentimental French-Language Movies
4514,Gritty Spy Movies
4515,該当なし
4516,該当なし
4517,該当なし
4518,頭を使う伝記映画
4519,該当なし
4520,該当なし
4521,頭を使うフランス語のドラマ
4522,該当なし
4523,該当なし
4524,該当なし
4525,該当なし
4526,想像がふくらむ衝撃的なビジュアルの映画
4527,該当なし
4528,該当なし
4529,該当なし
4530,該当なし
4531,該当なし
4532,該当なし
4533,該当なし
4534,該当なし
4535,フランシス・フォード・コッポラ監督映画
4536,該当なし
4537,ベン・キングズレー出演映画
4538,Italian Political Movies
4539,Dark LGBTQ Dramas
4540,Violent Independent Movies based on Books
4541,該当なし
4542,該当なし
4543,該当なし
4544,該当なし
4545,高い評価を得た、本が原作のアクション・アドベンチャー
4546,該当なし
4547,該当なし
4548,該当なし
4549,該当なし
4550,該当なし
4551,本に基づくスリリングな軍隊映画
4552,高い評価を得たスリリングな心理映画
4553,該当なし
4554,該当なし
4555,該当なし
4556,該当なし
4557,該当なし
4558,該当なし
4559,該当なし
4560,該当なし
4561,5~7才対象の心に響く映画
4562,該当なし
4563,該当なし
4564,該当なし
4565,該当なし
4566,該当なし
4567,該当なし
4568,該当なし
4569,該当なし
4570,該当なし
4571,該当なし
4572,高い評価を得たダークな戦争映画
4573,該当なし
4574,該当なし
4575,該当なし
4576,高い評価を得たスプラッター系犯罪映画
4577,該当なし
4578,該当なし
4579,該当なし
4580,クリストファー・ロイド出演映画
4581,1970年代の伝記映画
4582,該当なし
4583,心に響く軍隊映画
4584,該当なし
4585,該当なし
4586,該当なし
4587,該当なし
4588,該当なし
4589,該当なし
4590,該当なし
4591,イギリス/官能的なインディーズ系ラブロマンス
4592,該当なし
4593,該当なし
4594,該当なし
4595,Witty Satires from the 1970s
4596,該当なし
4597,該当なし
4598,該当なし
4599,該当なし
4600,該当なし
4601,Biographical Movies from the 1980s
4602,該当なし
4603,該当なし
4604,該当なし
4605,該当なし
4606,該当なし
4607,該当なし
4608,該当なし
4609,該当なし
4610,スティーヴン・スピルバーグ監督映画
4611,該当なし
4612,該当なし
4613,該当なし
4614,該当なし
4615,該当なし
4616,該当なし
4617,気骨のある軍隊アクション・アドベンチャー
4618,該当なし
4619,センチメンタルな伝記映画
4620,該当なし
4621,該当なし
4622,該当なし
4623,Suspenseful Alien Sci-Fi
4624,Gritty Brazilian Movies
4625,該当なし
4626,該当なし
4627,該当なし
4628,該当なし
4629,該当なし
4630,該当なし
4631,該当なし
4632,該当なし
4633,該当なし
4634,該当なし
4635,該当なし
4636,Goofy Sci-Fi Adventure
4637,該当なし
4638,該当なし
4639,該当なし
4640,該当なし
4641,1940年代の歴史ドキュメンタリー
4642,該当なし
4643,該当なし
4644,該当なし
4645,該当なし
4646,該当なし
4647,該当なし
4648,衝撃的なビジュアルのバイオレントなアクション ・アドベンチャー
4649,ロック・ドキュメンタリー
4650,該当なし
4651,該当なし
4652,該当なし
4653,Critically-acclaimed Romantic Crime Movies
4654,該当なし
4655,該当なし
4656,ちょっと変わったキッズ・ファミリー映画
4657,本に基づく法廷ドラマ
4658,該当なし
4659,エディ・マーフィ出演のコメディ
4660,該当なし
4661,該当なし
4662,Biographical Dramas from the 1980s
4663,該当なし
4664,該当なし
4665,Irreverent Comedies from the 1980s
4666,該当なし
4667,該当なし
4668,該当なし
4669,該当なし
4670,該当なし
4671,該当なし
4672,該当なし
4673,該当なし
4674,該当なし
4675,該当なし
4676,該当なし
4677,映像に凝ったSF・ファンタジー
4678,該当なし
4679,該当なし
4680,イギリス/ロマンチックドラマ
4681,該当なし
4682,Scary Sci-Fi & Fantasy based on Books
4683,該当なし
4684,該当なし
4685,該当なし
4686,該当なし
4687,Critically-acclaimed Gritty Mysteries
4688,Comedies starring Billy Bob Thornton
4689,該当なし
4690,該当なし
4691,該当なし
4692,Spanish-Language Comedies
4693,該当なし
4694,Dark Independent Mysteries
4695,インディーズ系スプラッター・ホラー
4696,該当なし
4697,該当なし
4698,アニメーション
4699,該当なし
4700,該当なし
4701,該当なし
4702,該当なし
4703,該当なし
4704,該当なし
4705,高い評価を得たドイツ語の映画
4706,該当なし
4707,該当なし
4708,インディーズ系伝記ドラマ
4709,該当なし
4710,Raunchy Late Night Comedies
4711,該当なし
4712,該当なし
4713,スティーヴン・ソダーバーグ監督映画
4714,該当なし
4715,該当なし
4716,該当なし
4717,該当なし
4718,イスラエル映画
4719,該当なし
4720,LGBTQを描いたドキュメンタリー
4721,該当なし
4722,該当なし
4723,該当なし
4724,該当なし
4725,該当なし
4726,本に基づくバイオレントなスリラー
4727,該当なし
4728,高い評価を得たインディーズ系伝記映画
4729,インド/ロマンチック・ヒューマンドラマ
4730,該当なし
4731,心に響く伝記ドキュメンタリー
4732,気骨のあるアドベンチャー
4733,該当なし
4734,カルト的な人気のSF・ファンタジー
4735,該当なし
4736,該当なし
4737,該当なし
4738,該当なし
4739,該当なし
4740,該当なし
4741,該当なし
4742,該当なし
4743,Italian Movies from the 1970s
4744,該当なし
4745,該当なし
4746,該当なし
4747,該当なし
4748,該当なし
4749,インド/アクション・アドベンチャー
4750,該当なし
4751,衝撃のミステリーアクション・アドベンチャー
4752,該当なし
4753,Critically-acclaimed Gory Dramas
4754,官能的なインディーズ系ヒューマンドラマ
4755,該当なし
4756,中南米/犯罪映画
4757,該当なし
4758,該当なし
4759,該当なし
4760,該当なし
4761,該当なし
4762,クリント・イーストウッド監督映画
4763,該当なし
4764,Italian Movies from the 1980s
4765,Understated Horror Movies
4766,該当なし
4767,Australian Crime Dramas
4768,該当なし
4769,ダークなインディーズ系心理映画
4770,該当なし
4771,該当なし
4772,Goofy Cult Late Night Comedies
4773,該当なし
4774,Irreverent Sports Comedies
4775,該当なし
4776,該当なし
4777,該当なし
4778,頭を使うアクション・アドベンチャー
4779,該当なし
4780,該当なし
4781,Dramas starring Sanjay Dutt
4782,Critically-acclaimed Irreverent Crime Comedies
4783,映像に凝った犯罪映画
4784,高い評価を得た、本が原作の戦争映画
4785,該当なし
4786,該当なし
4787,該当なし
4788,該当なし
4789,該当なし
4790,該当なし
4791,イギリス/ウィットに富んだインディーズ系コメディ
4792,該当なし
4793,前向きな気持ちになるティーン向けヒューマンドラマ
4794,該当なし
4795,該当なし
4796,該当なし
4797,該当なし
4798,該当なし
4799,該当なし
4800,該当なし
4801,該当なし
4802,該当なし
4803,該当なし
4804,該当なし
4805,該当なし
4806,該当なし
4807,該当なし
4808,該当なし
4809,心理ホラー
4810,ロン・ハワード監督映画
4811,該当なし
4812,該当なし
4813,サミュエル・L・ジャクソン出演映画
4814,ミニシリーズ
4815,該当なし
4816,オーストラリア/犯罪サスペンス
4817,該当なし
4818,該当なし
4819,該当なし
4820,実話に基づいた、スリリングなアクション・アドベンチャー
4821,該当なし
4822,該当なし
4823,該当なし
4824,該当なし
4825,該当なし
4826,該当なし
4827,該当なし
4828,該当なし
4829,該当なし
4830,該当なし
4831,該当なし
4832,ケビン・コスナー出演映画
4833,実話に基づく犯罪サスペンス
4834,該当なし
4835,該当なし
4836,該当なし
4837,イギリス/ウィットに富んだヒューマンドラマ
4838,該当なし
4839,該当なし
4840,該当なし
4841,Action & Adventure starring Roger Moore
4842,該当なし
4843,該当なし
4844,Dark Courtroom Dramas
4845,該当なし
4846,該当なし
4847,該当なし
4848,高い評価を得た、本が原作の犯罪ヒューマンドラマ
4849,該当なし
4850,該当なし
4851,該当なし
4852,Critically-acclaimed LGBTQ Biographical Movies
4853,Gritty War Dramas
4854,該当なし
4855,スティーヴン・ソダーバーグ監督のヒューマンドラマ
4856,Satanic Stories from the 1980s
4857,該当なし
4858,該当なし
4859,11~12才対象のセンチメンタルなヒューマンドラマ
4860,該当なし
4861,LGBTQ Political Dramas
4862,該当なし
4863,該当なし
4864,該当なし
4865,該当なし
4866,該当なし
4867,該当なし
4868,該当なし
4869,該当なし
4870,ダニー・グローヴァー出演映画
4871,該当なし
4872,該当なし
4873,該当なし
4874,該当なし
4875,Dark Sci-Fi & Fantasy based on Books
4876,ジム・キャリー出演映画
4877,該当なし
4878,該当なし
4879,該当なし
4880,該当なし
4881,実話に基づく1980年代の映画
4882,該当なし
4883,該当なし
4884,該当なし
4885,該当なし
4886,該当なし
4887,5~7才対象TVコメディ
4888,フランス語の軍隊映画
4889,該当なし
4890,該当なし
4891,該当なし
4892,該当なし
4893,該当なし
4894,該当なし
4895,該当なし
4896,該当なし
4897,該当なし
4898,該当なし
4899,該当なし
4900,該当なし
4901,該当なし
4902,8~10才対象のファンタジー映画
4903,該当なし
4904,該当なし
4905,該当なし
4906,該当なし
4907,該当なし
4908,Gritty Cult Movies
4909,該当なし
4910,該当なし
4911,Witty LGBTQ Movies
4912,該当なし
4913,本が原作で、ウィットに富んだインディーズ映画
4914,Critically-acclaimed Irreverent Independent Comedies
4915,イギリス/アドベンチャー
4916,Critically-acclaimed Scary Crime Thrillers
4917,該当なし
4918,該当なし
4919,該当なし
4920,該当なし
4921,該当なし
4922,風刺
4923,該当なし
4924,該当なし
4925,該当なし
4926,Visually-striking Dark Independent Movies
4927,実話に基づくキッズ・ファミリー映画
4928,該当なし
4929,該当なし
4930,該当なし
4931,Movies directed by Jing Wong
4932,該当なし
4933,該当なし
4934,該当なし
4935,該当なし
4936,該当なし
4937,該当なし
4938,該当なし
4939,該当なし
4940,該当なし
4941,本に基づくスリリングな映画
4942,感傷的なキッズ・ファミリー映画
4943,該当なし
4944,該当なし
4945,国内/スプラッター・ホラー
4946,該当なし
4947,Movies starring Gérard Depardieu
4948,該当なし
4949,該当なし
4950,該当なし
4951,Critically-acclaimed Violent Independent Movies
4952,該当なし
4953,該当なし
4954,気骨のある伝記ヒューマンドラマ
4955,該当なし
4956,スリリングな、スペイン語の映画
4957,該当なし
4958,該当なし
4959,Docuseries from the 1980s
4960,該当なし
4961,本が原作のヒューマンドラマ
4962,該当なし
4963,該当なし
4964,該当なし
4965,該当なし
4966,ジュリエット・ビノシュ出演映画
4967,官能的な、フランス語のヒューマンドラマ
4968,該当なし
4969,該当なし
4970,該当なし
4971,該当なし
4972,Comedies starring John Cusack
4973,該当なし
4974,該当なし
4975,該当なし
4976,該当なし
4977,該当なし
4978,実話に基づくバイオレントな映画
4979,該当なし
4980,該当なし
4981,該当なし
4982,Understated Movies based on real life
4983,該当なし
4984,該当なし
4985,該当なし
4986,該当なし
4987,該当なし
4988,高い評価を得た、心に響く伝記映画
4989,該当なし
4990,該当なし
4991,イギリス/ホラー
4992,Steamy Thrillers from the 1980s
4993,該当なし
4994,該当なし
4995,該当なし
4996,該当なし
4997,該当なし
4998,Action & Adventure directed by Clint Eastwood
4999,8~10才対象の前向きな気持ちになるヒューマンドラマ
5000,該当なし
5001,該当なし
5002,該当なし
5003,スプラッター系犯罪サスペンス
5004,該当なし
5005,該当なし
5006,該当なし
5007,該当なし
5008,該当なし
5009,該当なし
5010,該当なし
5011,Coming-of-age Movies based on children's books
5012,ショービジネスの世界を描いたヒューマンドラマ
5013,該当なし
5014,Sentimental Coming-of-age Dramas
5015,オーストラリア/SF・ファンタジー
5016,該当なし
5017,該当なし
5018,該当なし
5019,該当なし
5020,該当なし
5021,該当なし
5022,該当なし
5023,該当なし
5024,該当なし
5025,該当なし
5026,該当なし
5027,該当なし
5028,該当なし
5029,Visually-striking Scary Movies
5030,該当なし
5031,該当なし
5032,該当なし
5033,衝撃的なビジュアルの気骨のある映画
5034,該当なし
5035,該当なし
5036,該当なし
5037,該当なし
5038,クリント・イーストウッド監督のヒューマンドラマ
5039,該当なし
5040,該当なし
5041,議論を呼んだ映画
5042,該当なし
5043,イギリス/戦争系ヒューマンドラマ
5044,該当なし
5045,該当なし
5046,該当なし
5047,該当なし
5048,該当なし
5049,該当なし
5050,サミュエル・L・ジャクソン出演のアクション & アドベンチャー
5051,インド/ヒューマンドラマ
5052,該当なし
5053,該当なし
5054,該当なし
5055,該当なし
5056,該当なし
5057,該当なし
5058,該当なし
5059,該当なし
5060,ウィットに富んだショービジネス映画
5061,該当なし
5062,該当なし
5063,該当なし
5064,該当なし
5065,本に基づく政治アクション・アドベンチャー
5066,知られざる映画
5067,該当なし
5068,該当なし
5069,該当なし
5070,該当なし
5071,該当なし
5072,該当なし
5073,該当なし
5074,該当なし
5075,該当なし
5076,該当なし
5077,該当なし
5078,該当なし
5079,該当なし
5080,該当なし
5081,高い評価を得た、1970年代の犯罪映画
5082,実話に基づくアクション・アドベンチャー
5083,該当なし
5084,該当なし
5085,該当なし
5086,該当なし
5087,該当なし
5088,該当なし
5089,該当なし
5090,該当なし
5091,該当なし
5092,該当なし
5093,該当なし
5094,該当なし
5095,該当なし
5096,該当なし
5097,実話を基にした、心に響く映画
5098,該当なし
5099,該当なし
5100,犯罪がテーマのロマンチックなコメディ
5101,韓国/犯罪ヒューマンドラマ
5102,該当なし
5103,該当なし
5104,Goofy Movies based on children's books
5105,該当なし
5106,該当なし
5107,該当なし
5108,該当なし
5109,該当なし
5110,該当なし
5111,該当なし
5112,高い評価を得たフィルムノワール
5113,ちょっと変わったスタンドアップコメディ
5114,該当なし
5115,イギリス/カルト的な人気映画
5116,該当なし
5117,該当なし
5118,該当なし
5119,該当なし
5120,Critically-acclaimed Crime Movies from the 1980s
5121,該当なし
5122,該当なし
5123,該当なし
5124,該当なし
5125,該当なし
5126,該当なし
5127,該当なし
5128,実話を基にした、気骨のある犯罪ヒューマンドラマ
5129,該当なし
5130,該当なし
5131,該当なし
5132,官能的なLGBTQ映画
5133,Quirky Comedies based on Books
5134,映像に凝った、エキサイティングな映画
5135,該当なし
5136,該当なし
5137,該当なし
5138,該当なし
5139,Emotional British Movies
5140,該当なし
5141,本に基づくダークなインディーズ映画
5142,該当なし
5143,該当なし
5144,該当なし
5145,該当なし
5146,該当なし
5147,該当なし
5148,該当なし
5149,該当なし
5150,Campy LGBTQ Comedies
5151,該当なし
5152,該当なし
5153,該当なし
5154,該当なし
5155,イギリス/高い評価を得たダークな映画
5156,該当なし
5157,イギリス/ショービジネス映画
5158,該当なし
5159,該当なし
5160,1970年代スリラー
5161,該当なし
5162,1970年代犯罪映画
5163,該当なし
5164,該当なし
5165,該当なし
5166,該当なし
5167,該当なし
5168,高い評価を得た、気骨のあるヒューマンドラマ
5169,Critically-acclaimed Exciting Military Movies
5170,該当なし
5171,該当なし
5172,該当なし
5173,該当なし
5174,該当なし
5175,該当なし
5176,該当なし
5177,該当なし
5178,該当なし
5179,該当なし
5180,マーティン・ローレンス出演映画
5181,該当なし
5182,1980年代のサスペンス
5183,該当なし
5184,該当なし
5185,該当なし
5186,該当なし
5187,1980年代犯罪映画
5188,該当なし
5189,該当なし
5190,該当なし
5191,該当なし
5192,血みどろミステリー
5193,該当なし
5194,該当なし
5195,該当なし
5196,該当なし
5197,該当なし
5198,該当なし
5199,該当なし
5200,該当なし
5201,該当なし
5202,該当なし
5203,該当なし
5204,該当なし
5205,該当なし
5206,オーストラリア/インディーズ映画
5207,該当なし
5208,該当なし
5209,該当なし
5210,該当なし
5211,該当なし
5212,該当なし
5213,該当なし
5214,該当なし
5215,該当なし
5216,該当なし
5217,該当なし
5218,該当なし
5219,該当なし
5220,該当なし
5221,該当なし
5222,該当なし
5223,高い評価を得た、気骨のある犯罪アクション・アドベンチャー
5224,該当なし
5225,該当なし
5226,該当なし
5227,インディーズ系犯罪サスペンス
5228,該当なし
5229,該当なし
5230,オーストラリア映画
5231,Crime Westerns
5232,該当なし
5233,該当なし
5234,該当なし
5235,該当なし
5236,該当なし
5237,該当なし
5238,該当なし
5239,該当なし
5240,該当なし
5241,Violent Crime Thrillers
5242,Scary Fantasy Movies
5243,該当なし
5244,映像に凝った戦争映画
5245,該当なし
5246,イギリス/高い評価を得た、本が原作のヒューマンドラマ
5247,該当なし
5248,該当なし
5249,該当なし
5250,該当なし
5251,該当なし
5252,該当なし
5253,該当なし
5254,東欧映画
5255,Raunchy Independent Movies
5256,該当なし
5257,インディーズ系ロマンチックコメディ
5258,ウィットに富んだヒューマンドラマ
5259,該当なし
5260,該当なし
5261,該当なし
5262,該当なし
5263,該当なし
5264,該当なし
5265,華流/犯罪映画
5266,該当なし
5267,該当なし
5268,該当なし
5269,該当なし
5270,該当なし
5271,British Movies from the 1960s
5272,該当なし
5273,該当なし
5274,該当なし
5275,該当なし
5276,該当なし
5277,Witty Crime Comedies
5278,該当なし
5279,該当なし
5280,該当なし
5281,該当なし
5282,該当なし
5283,該当なし
5284,該当なし
5285,本に基づくロマンチックなインディーズ系ヒューマンドラマ
5286,スポーツをテーマにしたコメディ
5287,該当なし
5288,Critically-acclaimed Military Historical Documentaries
5289,該当なし
5290,該当なし
5291,該当なし
5292,該当なし
5293,該当なし
5294,該当なし
5295,Goofy Satires
5296,British Movies from the 1970s
5297,該当なし
5298,該当なし
5299,高い評価を得たインディーズ系犯罪ヒューマンドラマ
5300,該当なし
5301,該当なし
5302,該当なし
5303,該当なし
5304,該当なし
5305,該当なし
5306,高い評価を得たセンチメンタルな映画
5307,Czech Comedies
5308,該当なし
5309,該当なし
5310,該当なし
5311,該当なし
5312,該当なし
5313,該当なし
5314,該当なし
5315,該当なし
5316,該当なし
5317,該当なし
5318,該当なし
5319,該当なし
5320,フィリピン/ロマンチックなヒューマンドラマ
5321,該当なし
5322,該当なし
5323,該当なし
5324,該当なし
5325,該当なし
5326,該当なし
5327,イギリス/1980年代映画
5328,イタリア/ロマンチックなヒューマンドラマ
5329,1980年代のカルト的な人気ホラー
5330,該当なし
5331,議論を呼んだ政治ドキュメンタリー
5332,該当なし
5333,該当なし
5334,該当なし
5335,気骨のあるアクションSF・ファンタジー
5336,高い評価を得た、気骨のある犯罪サスペンス
5337,該当なし
5338,スポーツがテーマの文化・社会ドキュメンタリー
5339,該当なし
5340,該当なし
5341,該当なし
5342,該当なし
5343,エキサイティングな映画
5344,該当なし
5345,該当なし
5346,該当なし
5347,該当なし
5348,アルゼンチン/サスペンス
5349,歴史ドキュメンタリー
5350,該当なし
5351,該当なし
5352,該当なし
5353,該当なし
5354,該当なし
5355,該当なし
5356,該当なし
5357,該当なし
5358,該当なし
5359,該当なし
5360,高い評価を得た、知性に訴えるインディーズ系ヒューマンドラマ
5361,該当なし
5362,該当なし
5363,該当なし
5364,Scary British Thrillers
5365,該当なし
5366,該当なし
5367,該当なし
5368,該当なし
5369,該当なし
5370,該当なし
5371,該当なし
5372,1980年代のコミカルなコメディ
5373,該当なし
5374,該当なし
5375,該当なし
5376,イギリス/バイオレントな映画
5377,該当なし
5378,該当なし
5379,該当なし
5380,1980年代のバイオレントな犯罪アクション・アドベンチャー
5381,該当なし
5382,該当なし
5383,該当なし
5384,該当なし
5385,該当なし
5386,該当なし
5387,該当なし
5388,該当なし
5389,該当なし
5390,ダークな心理ドラマ
5391,該当なし
5392,知性に訴えるサスペンス
5393,心に響く歴史ドキュメンタリー
5394,該当なし
5395,該当なし
5396,ダークなサイコスリラー
5397,恐怖をさそう、心理サスペンス
5398,該当なし
5399,該当なし
5400,該当なし
5401,該当なし
5402,該当なし
5403,ウィットに富んだフランス語のコメディ
5404,該当なし
5405,該当なし
5406,想像がふくらむ動物物語
5407,該当なし
5408,該当なし
5409,気骨のある戦争映画
5410,該当なし
5411,該当なし
5412,該当なし
5413,該当なし
5414,該当なし
5415,該当なし
5416,該当なし
5417,高い評価を得た自然・科学ドキュメンタリー
5418,該当なし
5419,該当なし
5420,該当なし
5421,該当なし
5422,該当なし
5423,該当なし
5424,該当なし
5425,該当なし
5426,該当なし
5427,高い評価を得た心温まるヒューマンドラマ
5428,該当なし
5429,ウィットに富んだインディーズ系コメディ
5430,該当なし
5431,該当なし
5432,該当なし
5433,該当なし
5434,該当なし
5435,該当なし
5436,該当なし
5437,該当なし
5438,Raunchy Cult Movies
5439,該当なし
5440,エキサイティングな政治ヒューマンドラマ
5441,該当なし
5442,該当なし
5443,該当なし
5444,該当なし
5445,該当なし
5446,該当なし
5447,該当なし
5448,フランス語の犯罪映画
5449,該当なし
5450,該当なし
5451,該当なし
5452,Dramas starring Mithun Chakraborty
5453,Violent Independent Movies
5454,該当なし
5455,5~7才対象映画
5456,Teen Dramas based on Books
5457,該当なし
5458,華流/コミカルなアクション・アドベンチャー
5459,該当なし
5460,該当なし
5461,該当なし
5462,該当なし
5463,該当なし
5464,該当なし
5465,イギリス/高い評価を得たコメディ
5466,該当なし
5467,イギリス/本に基づく犯罪映画
5468,該当なし
5469,該当なし
5470,該当なし
5471,該当なし
5472,ナタリー・ポートマン出演映画
5473,該当なし
5474,該当なし
5475,ラブコメディ
5476,該当なし
5477,Dark Military Documentaries
5478,該当なし
5479,該当なし
5480,ボリウッド映画
5481,該当なし
5482,該当なし
5483,該当なし
5484,該当なし
5485,該当なし
5486,該当なし
5487,該当なし
5488,Critically-acclaimed Crime Thrillers from the 1980s
5489,該当なし
5490,該当なし
5491,該当なし
5492,該当なし
5493,該当なし
5494,該当なし
5495,該当なし
5496,該当なし
5497,該当なし
5498,該当なし
5499,該当なし
5500,Understated Coming-of-age Dramas
5501,該当なし
5502,該当なし
5503,該当なし
5504,該当なし
5505,心理サスペンス
5506,国内/エキサイティングな犯罪映画
5507,動物物語
5508,該当なし
5509,該当なし
5510,該当なし
5511,該当なし
5512,該当なし
5513,該当なし
5514,該当なし
5515,該当なし
5516,1980年代エイリアンSF作品
5517,該当なし
5518,該当なし
5519,該当なし
5520,該当なし
5521,該当なし
5522,該当なし
5523,伝記に基づくダークな映画
5524,該当なし
5525,Critically-acclaimed Dark Tearjerkers
5526,該当なし
5527,該当なし
5528,該当なし
5529,実話に基づくダークなドラマ
5530,該当なし
5531,サイーフ・アリー・カーン出演映画
5532,該当なし
5533,該当なし
5534,該当なし
5535,カルト系エイリアンSF作品
5536,該当なし
5537,該当なし
5538,デンゼル・ワシントン出演映画
5539,該当なし
5540,レオナルド・ディカプリオ出演映画
5541,該当なし
5542,該当なし
5543,Irreverent Spanish-Language Movies
5544,スリリングなSFアドベンチャー
5545,インド/犯罪ヒューマンドラマ
5546,該当なし
5547,該当なし
5548,該当なし
5549,該当なし
5550,Raunchy Comedies from the 1980s
5551,該当なし
5552,ジュリアン・ムーア出演映画
5553,該当なし
5554,フランス語でウィットに富んだ映画
5555,該当なし
5556,該当なし
5557,該当なし
5558,センチメンタルなドキュメンタリー
5559,該当なし
5560,該当なし
5561,ジェット・リー出演映画
5562,該当なし
5563,社会問題に迫るインディーズドラマ
5564,該当なし
5565,該当なし
5566,該当なし
5567,シルヴェスター・スタローン出演映画
5568,Movies starring Louis Koo
5569,該当なし
5570,該当なし
5571,Critically-acclaimed Scary Thrillers
5572,華流/ヒューマンドラマ
5573,該当なし
5574,該当なし
5575,該当なし
5576,Visually-striking Crime Sci-Fi & Fantasy
5577,該当なし
5578,該当なし
5579,該当なし
5580,該当なし
5581,該当なし
5582,高い評価を得た犯罪サスペンス
5583,高い評価を得た、前向きな気持ちになる映画
5584,該当なし
5585,ショービジネスをテーマにした風刺作品
5586,該当なし
5587,該当なし
5588,該当なし
5589,該当なし
5590,該当なし
5591,該当なし
5592,該当なし
5593,該当なし
5594,該当なし
5595,本に基づく怖い心理映画
5596,ショーン・コネリー出演映画
5597,該当なし
5598,該当なし
5599,本が原作の官能的な映画
5600,該当なし
5601,アンソニー・ウォン出演映画
5602,該当なし
5603,イギリス/ちょっと変わった映画
5604,国内/スリリングなSF・ファンタジー
5605,該当なし
5606,該当なし
5607,ジョン・トラヴォルタ出演映画
5608,該当なし
5609,該当なし
5610,TVスケッチコメディ
5611,該当なし
5612,該当なし
5613,該当なし
5614,該当なし
5615,該当なし
5616,該当なし
5617,該当なし
5618,東欧/犯罪映画
5619,該当なし
5620,該当なし
5621,該当なし
5622,該当なし
5623,該当なし
5624,該当なし
5625,該当なし
5626,想像がふくらむインディーズ映画
5627,該当なし
5628,該当なし
5629,本に基づくバイオレントな映画
5630,該当なし
5631,Irreverent Comedies
5632,該当なし
5633,該当なし
5634,該当なし
5635,イギリス/ダークな映画
5636,該当なし
5637,該当なし
5638,本に基づく動物物語
5639,ドイツ語のサスペンス
5640,該当なし
5641,該当なし
5642,該当なし
5643,該当なし
5644,該当なし
5645,該当なし
5646,該当なし
5647,該当なし
5648,該当なし
5649,該当なし
5650,該当なし
5651,該当なし
5652,該当なし
5653,該当なし
5654,11~12才対象アクション・アドベンチャー
5655,Independent Coming-of-age Movies
5656,該当なし
5657,該当なし
5658,該当なし
5659,該当なし
5660,該当なし
5661,該当なし
5662,該当なし
5663,該当なし
5664,該当なし
5665,該当なし
5666,該当なし
5667,該当なし
5668,該当なし
5669,該当なし
5670,本に基づく感傷的なドラマ
5671,該当なし
5672,議論を呼んだヒューマンドラマ
5673,該当なし
5674,該当なし
5675,衝撃的なビジュアルの気骨のある犯罪映画
5676,該当なし
5677,該当なし
5678,該当なし
5679,該当なし
5680,該当なし
5681,該当なし
5682,該当なし
5683,Critically-acclaimed Emotional War Movies
5684,該当なし
5685,韓国映画
5686,該当なし
5687,該当なし
5688,該当なし
5689,該当なし
5690,ジェニファー・アニストン出演映画
5691,該当なし
5692,該当なし
5693,該当なし
5694,イギリス/高い評価を得たヒューマンドラマ
5695,該当なし
5696,該当なし
5697,該当なし
5698,該当なし
5699,該当なし
5700,該当なし
5701,該当なし
5702,該当なし
5703,該当なし
5704,該当なし
5705,該当なし
5706,スペイン語の犯罪ヒューマンドラマ
5707,該当なし
5708,該当なし
5709,高い評価を得た、心に響く映画
5710,該当なし
5711,該当なし
5712,該当なし
5713,該当なし
5714,該当なし
5715,Critically-acclaimed Understated British Dramas
5716,該当なし
5717,該当なし
5718,該当なし
5719,該当なし
5720,該当なし
5721,該当なし
5722,該当なし
5723,該当なし
5724,該当なし
5725,Comedies from the 1960s
5726,該当なし
5727,該当なし
5728,該当なし
5729,該当なし
5730,該当なし
5731,該当なし
5732,ハートウォーミングな伝記映画
5733,Gritty Political Dramas
5734,該当なし
5735,該当なし
5736,該当なし
5737,該当なし
5738,該当なし
5739,該当なし
5740,該当なし
5741,該当なし
5742,該当なし
5743,該当なし
5744,該当なし
5745,該当なし
5746,該当なし
5747,Irreverent Cult Late Night Comedies
5748,エキサイティングなSFアドベンチャー
5749,該当なし
5750,Understated British Independent Dramas
5751,該当なし
5752,該当なし
5753,該当なし
5754,該当なし
5755,該当なし
5756,Raunchy Comedies
5757,該当なし
5758,1970年代のコメディ
5759,該当なし
5760,該当なし
5761,該当なし
5762,該当なし
5763,ヒューマンドラマ
5764,該当なし
5765,該当なし
5766,該当なし
5767,該当なし
5768,該当なし
5769,該当なし
5770,該当なし
5771,該当なし
5772,Understated German-Language Movies
5773,該当なし
5774,1980年代コメディ
5775,Understated British Dramas
5776,ダークなアクション・アドベンチャー
5777,該当なし
5778,該当なし
5779,高い評価を得た、想像がふくらむヒューマンドラマ
5780,インディーズ系犯罪ヒューマンドラマ
5781,該当なし
5782,該当なし
5783,該当なし
5784,該当なし
5785,該当なし
5786,該当なし
5787,血みどろ犯罪アクション・アドベンチャー
5788,該当なし
5789,該当なし
5790,該当なし
5791,該当なし
5792,該当なし
5793,該当なし
5794,該当なし
5795,本が原作の官能的なヒューマンドラマ
5796,高い評価を得た、実話に基づくヒューマンドラマ
5797,該当なし
5798,該当なし
5799,該当なし
5800,該当なし
5801,該当なし
5802,該当なし
5803,レオナルド・ディカプリオ出演のヒューマンドラマ
5804,該当なし
5805,該当なし
5806,該当なし
5807,該当なし
5808,該当なし
5809,該当なし
5810,該当なし
5811,社会問題をテーマにした気骨のあるヒューマンドラマ
5812,アニル・カプール出演映画
5813,該当なし
5814,該当なし
5815,該当なし
5816,該当なし
5817,該当なし
5818,該当なし
5819,該当なし
5820,該当なし
5821,該当なし
5822,ガイ・ピアース出演映画
5823,高い評価を得たアドベンチャー
5824,犯罪映画
5825,該当なし
5826,該当なし
5827,該当なし
5828,該当なし
5829,該当なし
5830,怖いSF・ファンタジー
5831,該当なし
5832,心理アクション・アドベンチャー
5833,該当なし
5834,該当なし
5835,該当なし
5836,Cult Late Night Comedies
5837,該当なし
5838,高い評価を得た法廷映画
5839,該当なし
5840,該当なし
5841,ドニー・イェン出演のアクション & アドベンチャー
5842,該当なし
5843,該当なし
5844,該当なし
5845,該当なし
5846,該当なし
5847,該当なし
5848,華流/高い評価を得た映画
5849,該当なし
5850,該当なし
5851,該当なし
5852,該当なし
5853,華流/高い評価を得た探偵映画
5854,該当なし
5855,該当なし
5856,該当なし
5857,該当なし
5858,該当なし
5859,高い評価を得た、エキサイティングな犯罪映画
5860,該当なし
5861,該当なし
5862,該当なし
5863,該当なし
5864,スリリングな心理映画
5865,該当なし
5866,該当なし
5867,該当なし
5868,該当なし
5869,該当なし
5870,該当なし
5871,該当なし
5872,該当なし
5873,該当なし
5874,該当なし
5875,中東映画
5876,国内/ちょっと変わったコメディ
5877,該当なし
5878,該当なし
5879,高い評価を得た、本が原作の映画
5880,該当なし
5881,該当なし
5882,該当なし
5883,該当なし
5884,該当なし
5885,ウィットに富んだカルト的な人気のコメディ
5886,該当なし
5887,該当なし
5888,該当なし
5889,該当なし
5890,該当なし
5891,該当なし
5892,該当なし
5893,該当なし
5894,該当なし
5895,該当なし
5896,該当なし
5897,該当なし
5898,該当なし
5899,該当なし
5900,現実の枠を超えたSFサスペンス
5901,Scary Independent Psychological Movies
5902,該当なし
5903,高い評価を得たSF・ファンタジー
5904,感情を揺さぶる戦争ヒューマンドラマ
5905,該当なし
5906,該当なし
5907,インディーズ系心理ヒューマンドラマ
5908,該当なし
5909,該当なし
5910,該当なし
5911,該当なし
5912,該当なし
5913,高い評価を得た、インディーズ系ラブロマンス映画
5914,該当なし
5915,Critically-acclaimed Cerebral Political Movies
5916,該当なし
5917,該当なし
5918,該当なし
5919,Critically-acclaimed German-Language Dramas
5920,該当なし
5921,該当なし
5922,該当なし
5923,アルゼンチン/ヒューマンドラマ
5924,該当なし
5925,該当なし
5926,該当なし
5927,該当なし
5928,該当なし
5929,該当なし
5930,該当なし
5931,該当なし
5932,該当なし
5933,Critically-acclaimed Understated Dramas
5934,Movies starring Jackie Shroff
5935,バイオレントな軍隊アクション・アドベンチャー
5936,該当なし
5937,Teen Movies based on Books
5938,該当なし
5939,高い評価を得た、実話に基づく映画
5940,高い評価を得た戦争系ヒューマンドラマ
5941,該当なし
5942,該当なし
5943,該当なし
5944,該当なし
5945,該当なし
5946,該当なし
5947,該当なし
5948,該当なし
5949,該当なし
5950,該当なし
5951,該当なし
5952,フランス語の犯罪ヒューマンドラマ
5953,該当なし
5954,該当なし
5955,該当なし
5956,該当なし
5957,該当なし
5958,想像がふくらむアドベンチャー
5959,該当なし
5960,該当なし
5961,該当なし
5962,軍隊・戦争映画
5963,該当なし
5964,バイオレントなサイコスリラー
5965,該当なし
5966,該当なし
5967,該当なし
5968,該当なし
5969,該当なし
5970,該当なし
5971,本に基づくスリリングなアドベンチャー
5972,該当なし
5973,ウィットに富んだ犯罪アクション・アドベンチャー
5974,該当なし
5975,該当なし
5976,該当なし
5977,LGBTQ映画
5978,該当なし
5979,該当なし
5980,該当なし
5981,該当なし
5982,該当なし
5983,フランス語のラブロマンス
5984,該当なし
5985,該当なし
5986,Movies directed by Jackie Chan
5987,ちょっと変わったショービジネスのコメディ
5988,該当なし
5989,該当なし
5990,該当なし
5991,該当なし
5992,該当なし
5993,該当なし
5994,高い評価を得たカルト的な人気作
5995,Monster Movies from the 1980s
5996,エキサイティングな犯罪コメディ
5997,Romantic Teen Coming-of-age Movies
5998,該当なし
5999,該当なし
6000,国内SF・ファンタジー
6001,該当なし
6002,該当なし
6003,該当なし
6004,該当なし
6005,該当なし
6006,該当なし
6007,該当なし
6008,該当なし
6009,ビル・マーレイ出演映画
6010,該当なし
6011,該当なし
6012,該当なし
6013,該当なし
6014,該当なし
6015,該当なし
6016,ウィットに富んだ伝記映画
6017,スティーブン・セガール出演のアクション & アドベンチャー
6018,該当なし
6019,該当なし
6020,該当なし
6021,該当なし
6022,映像に凝ったインディーズ映画
6023,該当なし
6024,該当なし
6025,該当なし
6026,該当なし
6027,該当なし
6028,該当なし
6029,該当なし
6030,該当なし
6031,該当なし
6032,該当なし
6033,該当なし
6034,該当なし
6035,該当なし
6036,該当なし
6037,該当なし
6038,該当なし
6039,該当なし
6040,該当なし
6041,本に基づく、気骨のある犯罪映画
6042,該当なし
6043,ロマンチックなショービジネスドラマ
6044,該当なし
6045,該当なし
6046,該当なし
6047,Polish Thrillers
6048,該当なし
6049,該当なし
6050,該当なし
6051,イギリス/犯罪映画
6052,該当なし
6053,該当なし
6054,インディーズ系SF・ファンタジー
6055,該当なし
6056,該当なし
6057,恐怖をさそう映画
6058,カルト的な人気のSFホラー
6059,該当なし
6060,該当なし
6061,該当なし
6062,該当なし
6063,該当なし
6064,該当なし
6065,該当なし
6066,該当なし
6067,該当なし
6068,該当なし
6069,頭を使う文化・社会ドキュメンタリー
6070,該当なし
6071,該当なし
6072,該当なし
6073,ヒップホップをテーマにした作品
6074,キッズ・ファミリー向けの成長映画
6075,該当なし
6076,該当なし
6077,該当なし
6078,該当なし
6079,該当なし
6080,マーシャルアーツ・武術のスプラッター映画
6081,該当なし
6082,スリリングなSFホラー
6083,該当なし
6084,該当なし
6085,高い評価を得た犯罪コメディ
6086,該当なし
6087,該当なし
6088,該当なし
6089,該当なし
6090,該当なし
6091,該当なし
6092,該当なし
6093,該当なし
6094,該当なし
6095,該当なし
6096,Critically-acclaimed Violent War Movies
6097,該当なし
6098,気骨のある文化・社会ドキュメンタリー
6099,該当なし
6100,該当なし
6101,映像に凝った血みどろアクション・アドベンチャー
6102,ポーランド/コメディ
6103,Movies starring Sammo Hung Kam-Bo
6104,該当なし
6105,該当なし
6106,該当なし
6107,該当なし
6108,該当なし
6109,高い評価を得た、気骨のあるインディーズ系ヒューマンドラマ
6110,該当なし
6111,該当なし
6112,該当なし
6113,該当なし
6114,該当なし
6115,エキサイティングな政治映画
6116,該当なし
6117,該当なし
6118,該当なし
6119,バイオレントな伝記映画
6120,ダークな伝記ドキュメンタリー
6121,該当なし
6122,該当なし
6123,該当なし
6124,ロマンチックな犯罪ドラマ
6125,気骨のある政治映画
6126,該当なし
6127,該当なし
6128,該当なし
6129,該当なし
6130,該当なし
6131,該当なし
6132,高い評価を得た犯罪ドキュメンタリー
6133,アルゼンチン映画
6134,該当なし
6135,該当なし
6136,高い評価を得たスプラッター系サスペンス
6137,該当なし
6138,Gritty French-Language Dramas
6139,該当なし
6140,該当なし
6141,高い評価を得た、ダークなインディーズ映画
6142,該当なし
6143,該当なし
6144,該当なし
6145,ウィル・フェレル出演のコメディ
6146,該当なし
6147,該当なし
6148,該当なし
6149,該当なし
6150,バイオレントな軍隊映画
6151,該当なし
6152,該当なし
6153,該当なし
6154,該当なし
6155,該当なし
6156,該当なし
6157,該当なし
6158,該当なし
6159,該当なし
6160,該当なし
6161,該当なし
6162,Visually-striking Mind-bending Psychological Movies
6163,該当なし
6164,該当なし
6165,該当なし
6166,該当なし
6167,該当なし
6168,該当なし
6169,Romantic Slapstick Comedies
6170,該当なし
6171,該当なし
6172,該当なし
6173,該当なし
6174,該当なし
6175,該当なし
6176,ジャッキー・チェン出演のアクション & アドベンチャー
6177,該当なし
6178,該当なし
6179,該当なし
6180,該当なし
6181,該当なし
6182,該当なし
6183,該当なし
6184,該当なし
6185,該当なし
6186,該当なし
6187,該当なし
6188,インディーズ系心理サスペンス
6189,該当なし
6190,該当なし
6191,本が原作で、LGBTQをテーマにしたヒューマンドラマ
6192,該当なし
6193,該当なし
6194,該当なし
6195,ジェット・リー出演のカンフーアクション映画
6196,該当なし
6197,コミカルなコメディ
6198,該当なし
6199,Goofy Movies starring Jim Carrey
6200,国内/ちょっと変わった映画
6201,該当なし
6202,該当なし
6203,該当なし
6204,該当なし
6205,該当なし
6206,高い評価を得たヒューマンドラマ
6207,該当なし
6208,該当なし
6209,該当なし
6210,該当なし
6211,該当なし
6212,該当なし
6213,1980年代ホラー映画
6214,想像がふくらむドラマ
6215,該当なし
6216,高い評価を得たインディーズ系コメディ
6217,該当なし
6218,3~4才対象映画
6219,該当なし
6220,該当なし
6221,該当なし
6222,該当なし
6223,該当なし
6224,該当なし
6225,該当なし
6226,該当なし
6227,該当なし
6228,該当なし
6229,該当なし
6230,該当なし
6231,該当なし
6232,該当なし
6233,該当なし
6234,エキサイティングなエイリアンSF
6235,Critically-acclaimed Understated Independent Comedies
6236,該当なし
6237,該当なし
6238,該当なし
6239,該当なし
6240,該当なし
6241,該当なし
6242,該当なし
6243,該当なし
6244,該当なし
6245,該当なし
6246,該当なし
6247,本に基づく法廷映画
6248,高い評価を得た、ダークなインディーズ系ヒューマンドラマ
6249,Polish Political Movies
6250,該当なし
6251,該当なし
6252,該当なし
6253,該当なし
6254,該当なし
6255,該当なし
6256,該当なし
6257,German-Language Social & Cultural Documentaries
6258,該当なし
6259,Independent Mockumentaries
6260,LGBTQを描いた、ロマンチックなヒューマンドラマ
6261,該当なし
6262,該当なし
6263,Witty Action & Adventure
6264,該当なし
6265,該当なし
6266,該当なし
6267,Scary British Movies
6268,該当なし
6269,該当なし
6270,感情を揺さぶる文化・社会ドキュメンタリー
6271,Gritty Independent Crime Action & Adventure
6272,該当なし
6273,該当なし
6274,該当なし
6275,該当なし
6276,該当なし
6277,該当なし
6278,該当なし
6279,該当なし
6280,該当なし
6281,イタリア/高い評価を得たヒューマンドラマ
6282,該当なし
6283,該当なし
6284,該当なし
6285,国内/政治映画
6286,該当なし
6287,該当なし
6288,該当なし
6289,ダークなファンタジー映画
6290,アンディ・ラウ出演のアクション & アドベンチャー
6291,該当なし
6292,該当なし
6293,該当なし
6294,Feel-good Coming-of-age Comedies
6295,該当なし
6296,該当なし
6297,Understated Independent Comedies
6298,該当なし
6299,ポーランド映画
6300,衝撃的なビジュアルのちょっと変わった映画
6301,該当なし
6302,該当なし
6303,該当なし
6304,該当なし
6305,該当なし
6306,高い評価を得た、知性に訴えるドキュメンタリー
6307,映像に凝った、ロマンチックなヒューマンドラマ
6308,該当なし
6309,該当なし
6310,該当なし
6311,該当なし
6312,アダム・サンドラー出演映画
6313,該当なし
6314,該当なし
6315,該当なし
6316,該当なし
6317,該当なし
6318,該当なし
6319,該当なし
6320,該当なし
6321,該当なし
6322,スポーツがテーマのインディーズ系ヒューマンドラマ
6323,該当なし
6324,該当なし
6325,該当なし
6326,該当なし
6327,該当なし
6328,該当なし
6329,該当なし
6330,気骨のあるホラー映画
6331,該当なし
6332,該当なし
6333,該当なし
6334,Action & Adventure starring Sammo Hung Kam-Bo
6335,該当なし
6336,該当なし
6337,該当なし
6338,該当なし
6339,該当なし
6340,該当なし
6341,該当なし
6342,該当なし
6343,該当なし
6344,該当なし
6345,該当なし
6346,該当なし
6347,ちょっと変わったコメディ
6348,該当なし
6349,該当なし
6350,該当なし
6351,ちょっと変わった文化・社会ドキュメンタリー
6352,該当なし
6353,Critically-acclaimed Controversial Political Movies
6354,該当なし
6355,該当なし
6356,該当なし
6357,実話に基づいて制作され、前向きな気持ちになるヒューマンドラマ
6358,該当なし
6359,高い評価を得たサスペンス
6360,該当なし
6361,該当なし
6362,感情を揺さぶる犯罪アクション
6363,該当なし
6364,該当なし
6365,該当なし
6366,該当なし
6367,該当なし
6368,本に基づく気骨のある犯罪サスペンス
6369,該当なし
6370,該当なし
6371,該当なし
6372,該当なし
6373,該当なし
6374,バイオレントなアクション・アドベンチャー
6375,該当なし
6376,該当なし
6377,該当なし
6378,該当なし
6379,該当なし
6380,該当なし
6381,該当なし
6382,本に基づくアドベンチャー
6383,該当なし
6384,泣ける作品
6385,該当なし
6386,該当なし
6387,該当なし
6388,該当なし
6389,心に響くコメディ
6390,該当なし
6391,該当なし
6392,該当なし
6393,知られざるドラマ
6394,該当なし
6395,該当なし
6396,該当なし
6397,該当なし
6398,該当なし
6399,該当なし
6400,該当なし
6401,該当なし
6402,該当なし
6403,該当なし
6404,該当なし
6405,Violent Crime Sci-Fi & Fantasy
6406,該当なし
6407,該当なし
6408,該当なし
6409,高い評価を得た、映像に凝って知性に訴える映画
6410,該当なし
6411,知性に訴えるミステリー
6412,該当なし
6413,該当なし
6414,ダークなサイコミステリー
6415,該当なし
6416,センチメンタルなスペイン語の映画
6417,該当なし
6418,該当なし
6419,該当なし
6420,該当なし
6421,該当なし
6422,該当なし
6423,Irreverent Showbiz Movies
6424,該当なし
6425,該当なし
6426,該当なし
6427,該当なし
6428,該当なし
6429,該当なし
6430,該当なし
6431,該当なし
6432,該当なし
6433,該当なし
6434,該当なし
6435,該当なし
6436,該当なし
6437,該当なし
6438,該当なし
6439,該当なし
6440,該当なし
6441,本に基づくダークな心理映画
6442,イギリス/官能的なインディーズ映画
6443,該当なし
6444,エキサイティングな風刺
6445,該当なし
6446,該当なし
6447,該当なし
6448,該当なし
6449,該当なし
6450,該当なし
6451,該当なし
6452,該当なし
6453,該当なし
6454,該当なし
6455,該当なし
6456,該当なし
6457,該当なし
6458,該当なし
6459,該当なし
6460,華流/犯罪サスペンス
6461,Movies starring Juhi Chawla
6462,該当なし
6463,該当なし
6464,該当なし
6465,該当なし
6466,該当なし
6467,該当なし
6468,該当なし
6469,該当なし
6470,該当なし
6471,心に響くスポーツ系キッズ・ファミリー映画
6472,該当なし
6473,該当なし
6474,該当なし
6475,該当なし
6476,該当なし
6477,クリスチャン・ベイル出演のヒューマンドラマ
6478,該当なし
6479,該当なし
6480,該当なし
6481,該当なし
6482,ダークな心理映画
6483,該当なし
6484,該当なし
6485,該当なし
6486,該当なし
6487,該当なし
6488,該当なし
6489,食がテーマのコメディ
6490,該当なし
6491,高い評価を得たスリリングな映画
6492,該当なし
6493,気骨のある犯罪アクション・アドベンチャー
6494,該当なし
6495,該当なし
6496,該当なし
6497,該当なし
6498,該当なし
6499,該当なし
6500,該当なし
6501,該当なし
6502,該当なし
6503,該当なし
6504,該当なし
6505,該当なし
6506,該当なし
6507,映像に凝った、知性に訴えるインディーズ映画
6508,該当なし
6509,該当なし
6510,該当なし
6511,該当なし
6512,該当なし
6513,血みどろ軍隊映画
6514,該当なし
6515,心理サスペンス
6516,該当なし
6517,該当なし
6518,該当なし
6519,該当なし
6520,実話に基づくコメディ
6521,該当なし
6522,該当なし
6523,該当なし
6524,高い評価を得た、心に響く政治映画
6525,該当なし
6526,該当なし
6527,該当なし
6528,該当なし
6529,該当なし
6530,該当なし
6531,該当なし
6532,該当なし
6533,該当なし
6534,該当なし
6535,該当なし
6536,該当なし
6537,該当なし
6538,該当なし
6539,該当なし
6540,War Thrillers
6541,高い評価を得た、感情を揺さぶるインディーズ系ヒューマンドラマ
6542,心に響く戦争ドラマ
6543,該当なし
6544,該当なし
6545,11~12才対象のおもしろおかしい映画
6546,知性に訴えるドイツ語の映画
6547,現実の枠を超えたアクションSF・ファンタジー
6548,コメディ
6549,該当なし
6550,該当なし
6551,該当なし
6552,該当なし
6553,該当なし
6554,該当なし
6555,Dark Adventures
6556,該当なし
6557,該当なし
6558,該当なし
6559,ダークなフランス語の映画
6560,該当なし
6561,該当なし
6562,該当なし
6563,成長物語コメディ
6564,該当なし
6565,該当なし
6566,該当なし
6567,Political Movies based on real life
6568,該当なし
6569,該当なし
6570,該当なし
6571,インディーズ系軍隊ヒューマンドラマ
6572,該当なし
6573,該当なし
6574,該当なし
6575,該当なし
6576,華流/ロマンチックなヒューマンドラマ
6577,該当なし
6578,該当なし
6579,該当なし
6580,該当なし
6581,エキサイティングなスパイ映画
6582,該当なし
6583,該当なし
6584,Understated Political Dramas
6585,該当なし
6586,該当なし
6587,該当なし
6588,該当なし
6589,該当なし
6590,該当なし
6591,該当なし
6592,該当なし
6593,本に基づくエキサイティングな犯罪映画
6594,該当なし
6595,該当なし
6596,該当なし
6597,該当なし
6598,1980年代の想像がふくらむSF・ファンタジー
6599,該当なし
6600,該当なし
6601,伝記アクション・アドベンチャー
6602,該当なし
6603,該当なし
6604,該当なし
6605,該当なし
6606,該当なし
6607,該当なし
6608,該当なし
6609,該当なし
6610,該当なし
6611,該当なし
6612,該当なし
6613,該当なし
6614,該当なし
6615,該当なし
6616,政治をテーマにしたヒューマンドラマ
6617,該当なし
6618,該当なし
6619,該当なし
6620,該当なし
6621,該当なし
6622,該当なし
6623,想像がふくらむフランス語の映画
6624,該当なし
6625,該当なし
6626,韓国/コメディ
6627,該当なし
6628,バイオレントなSF・ファンタジー
6629,該当なし
6630,該当なし
6631,該当なし
6632,Action Sci-Fi & Fantasy from the 1980s
6633,該当なし
6634,Chinese Crime Movies from the 1980s
6635,該当なし
6636,該当なし
6637,該当なし
6638,該当なし
6639,該当なし
6640,実話を基した、気骨のある犯罪映画
6641,該当なし
6642,該当なし
6643,該当なし
6644,該当なし
6645,該当なし
6646,該当なし
6647,該当なし
6648,該当なし
6649,該当なし
6650,該当なし
6651,イギリス/涙なしでは観られない作品
6652,Scary Crime Thrillers
6653,おもしろおかしいスポーツコメディ
6654,該当なし
6655,該当なし
6656,実話に基づく軍隊アクション・アドベンチャー
6657,該当なし
6658,該当なし
6659,該当なし
6660,該当なし
6661,該当なし
6662,該当なし
6663,該当なし
6664,イギリス/気骨のあるヒューマンドラマ
6665,該当なし
6666,該当なし
6667,犯罪がテーマの風刺
6668,Crime Slapstick Comedies
6669,本に基づく感傷的な映画
6670,該当なし
6671,該当なし
6672,該当なし
6673,該当なし
6674,該当なし
6675,該当なし
6676,該当なし
6677,該当なし
6678,該当なし
6679,該当なし
6680,該当なし
6681,該当なし
6682,該当なし
6683,該当なし
6684,該当なし
6685,該当なし
6686,中南米/アクション・アドベンチャー
6687,該当なし
6688,該当なし
6689,東欧/ダークな映画
6690,該当なし
6691,該当なし
6692,該当なし
6693,該当なし
6694,高い評価を得た、知性に訴える伝記映画
6695,武術・ボクシング・レスリング
6696,ダークな戦争ヒューマンドラマ
6697,該当なし
6698,該当なし
6699,該当なし
6700,Dark Movies from the 1970s
6701,該当なし
6702,該当なし
6703,該当なし
6704,Emotional Psychological Movies
6705,該当なし
6706,該当なし
6707,該当なし
6708,該当なし
6709,該当なし
6710,該当なし
6711,該当なし
6712,該当なし
6713,該当なし
6714,ニコール・キッドマン出演映画
6715,該当なし
6716,該当なし
6717,該当なし
6718,該当なし
6719,該当なし
6720,該当なし
6721,TVアニメ
6722,該当なし
6723,該当なし
6724,該当なし
6725,該当なし
6726,ブラッド・ピット出演のヒューマンドラマ
6727,該当なし
6728,該当なし
6729,該当なし
6730,該当なし
6731,該当なし
6732,Dark Movies from the 1980s
6733,フランス語の映画
6734,該当なし
6735,該当なし
6736,該当なし
6737,該当なし
6738,該当なし
6739,該当なし
6740,該当なし
6741,該当なし
6742,該当なし
6743,該当なし
6744,ダークなSFホラー
6745,該当なし
6746,Latino Comedies
6747,該当なし
6748,ちょっと変わったティーン向け映画
6749,おもしろおかしいティーン向け映画
6750,該当なし
6751,該当なし
6752,該当なし
6753,該当なし
6754,該当なし
6755,該当なし
6756,該当なし
6757,該当なし
6758,該当なし
6759,Dark Cult Movies
6760,該当なし
6761,該当なし
6762,該当なし
6763,中南米/ヒューマンドラマ
6764,該当なし
6765,該当なし
6766,該当なし
6767,該当なし
6768,該当なし
6769,該当なし
6770,該当なし
6771,該当なし
6772,該当なし
6773,国内/エキサイティングなドラマ
6774,Critically-acclaimed Political Thrillers
6775,該当なし
6776,該当なし
6777,該当なし
6778,該当なし
6779,該当なし
6780,該当なし
6781,該当なし
6782,高い評価を得た官能的な映画
6783,該当なし
6784,該当なし
6785,該当なし
6786,該当なし
6787,該当なし
6788,該当なし
6789,該当なし
6790,該当なし
6791,該当なし
6792,該当なし
6793,該当なし
6794,本が原作の犯罪ヒューマンドラマ
6795,該当なし
6796,0~2才対象映画
6797,該当なし
6798,該当なし
6799,該当なし
6800,該当なし
6801,該当なし
6802,該当なし
6803,該当なし
6804,該当なし
6805,該当なし
6806,該当なし
6807,該当なし
6808,該当なし
6809,該当なし
6810,該当なし
6811,感傷的なコメディ
6812,該当なし
6813,該当なし
6814,趣味・映像・その他
6815,該当なし
6816,該当なし
6817,本に基づく怖い映画
6818,該当なし
6819,該当なし
6820,スペイン語のサスペンス
6821,該当なし
6822,該当なし
6823,該当なし
6824,該当なし
6825,該当なし
6826,ロマンチックアドベンチャー
6827,該当なし
6828,Movies starring Toni Collette
6829,該当なし
6830,該当なし
6831,該当なし
6832,Critically-acclaimed Military Documentaries
6833,該当なし
6834,該当なし
6835,該当なし
6836,該当なし
6837,該当なし
6838,該当なし
6839,ドキュメンタリー
6840,スリリングなアドベンチャー
6841,該当なし
6842,SFカルトアクション・ファンタジー
6843,該当なし
6844,該当なし
6845,該当なし
6846,該当なし
6847,Critically-acclaimed Visually-striking Violent Movies
6848,該当なし
6849,Slapstick Comedies from the 1980s
6850,該当なし
6851,該当なし
6852,該当なし
6853,ビル・マーレイ出演のコメディ
6854,該当なし
6855,該当なし
6856,該当なし
6857,該当なし
6858,該当なし
6859,該当なし
6860,該当なし
6861,該当なし
6862,該当なし
6863,本に基づく気骨のあるアクション・アドベンチャー
6864,該当なし
6865,該当なし
6866,該当なし
6867,Italian Thrillers
6868,該当なし
6869,該当なし
6870,該当なし
6871,該当なし
6872,Critically-acclaimed Romantic Comedies from the 1980s
6873,該当なし
6874,該当なし
6875,該当なし
6876,該当なし
6877,該当なし
6878,ウディ・アレン監督映画
6879,該当なし
6880,該当なし
6881,伝記コメディ
6882,該当なし
6883,該当なし
6884,該当なし
6885,心に響く政治ヒューマンドラマ
6886,該当なし
6887,高い評価を得たインディーズ系伝記ヒューマンドラマ
6888,該当なし
6889,犯罪ヒューマンドラマ
6890,該当なし
6891,該当なし
6892,該当なし
6893,該当なし
6894,該当なし
6895,謎の生き物・モンスター映画
6896,該当なし
6897,該当なし
6898,該当なし
6899,該当なし
6900,該当なし
6901,該当なし
6902,該当なし
6903,該当なし
6904,該当なし
6905,該当なし
6906,該当なし
6907,華流/スリリングなアクション・アドベンチャー
6908,該当なし
6909,該当なし
6910,該当なし
6911,該当なし
6912,ロマンチックなスポーツドラマ
6913,該当なし
6914,現実の枠を超えたホラー映画
6915,高い評価を得た国内犯罪映画
6916,該当なし
6917,該当なし
6918,該当なし
6919,該当なし
6920,該当なし
6921,該当なし
6922,該当なし
6923,該当なし
6924,該当なし
6925,該当なし
6926,SFアドベンチャー
6927,該当なし
6928,Violent Independent Crime Thrillers
6929,該当なし
6930,該当なし
6931,該当なし
6932,該当なし
6933,該当なし
6934,該当なし
6935,該当なし
6936,該当なし
6937,該当なし
6938,該当なし
6939,高い評価を得た戦争・軍事系ヒューマンドラマ
6940,該当なし
6941,該当なし
6942,該当なし
6943,該当なし
6944,該当なし
6945,該当なし
6946,該当なし
6947,該当なし
6948,該当なし
6949,Goofy Spy Comedies
6950,該当なし
6951,該当なし
6952,該当なし
6953,該当なし
6954,該当なし
6955,該当なし
6956,該当なし
6957,心理SFサスペンス
6958,該当なし
6959,該当なし
6960,該当なし
6961,該当なし
6962,11~12才対象映画
6963,該当なし
6964,該当なし
6965,該当なし
6966,該当なし
6967,該当なし
6968,韓国/ホラー映画
6969,該当なし
6970,該当なし
6971,該当なし
6972,該当なし
6973,該当なし
6974,該当なし
6975,該当なし
6976,該当なし
6977,該当なし
6978,該当なし
6979,該当なし
6980,該当なし
6981,該当なし
6982,該当なし
6983,国内/1970年代ドラマ
6984,Sentimental Italian Movies
6985,該当なし
6986,該当なし
6987,該当なし
6988,該当なし
6989,該当なし
6990,本に基づくスリリングなスパイ映画
6991,該当なし
6992,該当なし
6993,該当なし
6994,該当なし
6995,該当なし
6996,映像に凝ったコメディ
6997,該当なし
6998,邪悪な映画
6999,該当なし
